8.040400e+00 7.361089e+00
-1.564079e+01 7.282395e+00
9.817669e+00 7.243965e+00
7.687001e+00 5.510010e+00
6.947830e+00 6.955056e+00
9.134849e+00 7.668935e+00
8.077243e+00 7.554007e+00
7.438275e+00 7.309961e+00
8.054428e+00 6.391435e+00
8.063281e+00 6.463060e+00
6.683256e+00 7.018322e+00
7.797300e+00 7.120824e+00
7.678682e+00 8.109961e+00
7.615478e+00 7.244741e+00
-2.047839e+00 -5.564480e+00
8.073748e+00 7.165195e+00
7.799450e+00 7.255893e+00
7.737842e+00 7.832467e+00
7.331954e+00 7.536116e+00
8.304055e+00 7.322193e+00
8.874953e+00 6.650223e+00
7.682964e+00 7.323472e+00
8.210969e+00 7.129414e+00
7.896365e+00 6.854479e+00
7.594850e+00 6.124683e+00
8.293140e+00 7.363283e+00
8.879619e+00 5.456307e+00
-1.309499e+01 9.696659e+00
7.985755e+00 6.793681e+00
7.736929e+00 7.499084e+00
7.968520e+00 6.732609e+00
7.603863e+00 8.078347e+00
8.089450e+00 6.572313e+00
7.995649e+00 5.977794e+00
8.321111e+00 7.288213e+00
-1.495848e+01 8.121868e+00
8.424609e-01 -8.759251e+00
8.514600e+00 6.160488e+00
7.485647e+00 7.508676e+00
8.552181e+00 7.239626e+00
8.165470e+00 6.959289e+00
8.673855e+00 5.535953e+00
-1.712220e+01 6.245080e+00
8.103471e+00 6.698841e+00
-1.720877e+01 5.715691e+00
-1.399824e+01 8.918061e+00
-5.506407e-01 -8.084455e+00
9.305093e+00 6.809961e+00
7.485248e+00 6.957831e+00
7.939970e+00 7.648893e+00
-4.204210e+00 -4.126056e+00
-1.479370e+00 -6.563873e+00
7.357483e+00 6.975164e+00
8.685631e+00 6.511513e+00
7.116753e+00 6.530344e+00
1.003810e+01 7.331844e+00
8.783734e+00 5.949982e+00
9.976613e-01 -8.361986e+00
7.602763e+00 7.820572e+00
7.554470e+00 6.702884e+00
8.463915e+00 7.351130e+00
7.786980e+00 6.075685e+00
7.662340e+00 7.839375e+00
9.284300e+00 6.997891e+00
7.444402e+00 6.911313e+00
8.360683e+00 7.844439e+00
7.900793e+00 7.422875e+00
8.166399e+00 7.107744e+00
-2.076666e+00 -5.321568e+00
8.376441e+00 6.425830e+00
7.925254e+00 7.463097e+00
8.138564e+00 7.582409e+00
7.489195e+00 7.466181e+00
7.742200e+00 6.957222e+00
2.047214e+00 -1.012008e+01
7.589402e+00 5.975462e+00
8.397152e+00 7.098922e+00
7.679547e+00 6.265869e+00
7.722350e+00 8.043609e+00
7.719963e+00 5.850058e+00
-1.544787e+01 7.576459e+00
7.902227e+00 7.803500e+00
7.980767e+00 6.700236e+00
-1.541669e+01 7.618065e+00
8.298957e+00 6.744082e+00
-1.311744e+01 1.018273e+01
7.304244e+00 7.584103e+00
7.374766e+00 7.395203e+00
-1.651630e+01 5.883837e+00
7.733141e+00 5.100162e+00
7.868077e+00 7.836435e+00
7.839381e+00 7.533203e+00
-1.558978e+01 7.960160e+00
8.115476e+00 6.130468e+00
8.509135e+00 6.277359e+00
7.492989e+00 6.882067e+00
-1.234550e+01 1.122408e+01
7.761778e+00 6.884787e+00
8.476691e+00 6.346560e+00
8.569672e+00 8.192153e+00
9.097428e+00 7.901752e+00
-1.671167e+00 -6.283325e+00
7.159862e+00 7.400452e+00
7.601502e+00 7.114152e+00
7.712338e+00 7.440947e+00
7.540149e+00 7.758632e+00
7.544716e+00 6.576014e+00
7.022463e+00 6.373870e+00
7.537758e+00 7.070813e+00
-1.392819e+01 9.047388e+00
7.774885e+00 7.357308e+00
-1.433628e+01 8.629722e+00
-3.062350e-01 -7.506285e+00
7.508448e+00 7.284239e+00
9.391822e+00 7.247506e+00
-1.789702e+01 5.429400e+00
8.714298e+00 8.058531e+00
7.307358e+00 9.027393e+00
-1.750338e+01 5.655796e+00
8.497168e+00 6.335120e+00
7.506009e+00 7.553876e+00
4.252219e-01 -7.410680e+00
7.256083e+00 8.361451e+00
7.318466e+00 6.518699e+00
8.654125e+00 8.000279e+00
-1.395359e+01 9.815258e+00
-1.265216e+01 1.047075e+01
-2.052381e+00 -5.763514e+00
8.165040e+00 7.712284e+00
8.566433e+00 8.433774e+00
9.759964e+00 6.652868e+00
9.125449e+00 6.661842e+00
8.566879e+00 7.850846e+00
8.371319e+00 7.575396e+00
7.693728e+00 7.625108e+00
7.161829e+00 7.278070e+00
6.973907e+00 6.736254e+00
7.944775e+00 7.381203e+00
7.415709e+00 7.209341e+00
2.585039e-01 -8.460928e+00
8.605221e+00 6.043017e+00
8.911964e+00 6.268519e+00
7.636844e+00 6.587755e+00
8.090042e+00 6.406689e+00
8.842187e+00 6.276356e+00
8.861116e+00 5.733269e+00
8.812794e+00 5.868943e+00
7.584680e+00 6.956027e+00
7.306560e+00 7.556340e+00
9.036915e+00 6.951898e+00
8.394379e+00 6.494603e+00
7.214256e+00 6.442631e+00
7.128492e+00 7.123852e+00
7.996211e+00 6.936560e+00
7.667752e+00 7.396565e+00
1.058283e+00 -9.700552e+00
8.220542e+00 6.249866e+00
8.574177e+00 8.165609e+00
7.943646e+00 7.525988e+00
7.427248e+00 6.594971e+00
8.099682e+00 6.757700e+00
7.922739e+00 7.542185e+00
8.018933e+00 6.492012e+00
8.357523e-01 -9.556621e+00
7.375907e+00 7.686171e+00
8.087332e+00 6.434245e+00
7.314881e+00 6.215290e+00
1.719931e+00 -9.305950e+00
9.003543e+00 7.428364e+00
8.513975e+00 7.136495e+00
7.545754e+00 6.347338e+00
9.329769e+00 8.702219e+00
8.093132e+00 7.005448e+00
-3.133269e+00 -4.582361e+00
7.790557e+00 7.337587e+00
6.910947e+00 6.805555e+00
1.020170e+00 -8.786534e+00
8.315450e+00 7.074795e+00
8.372804e+00 7.218720e+00
7.436232e+00 6.927333e+00
7.550076e+00 6.776087e+00
7.622167e+00 7.196165e+00
9.633857e-01 -8.951930e+00
7.936798e+00 7.433424e+00
7.894758e+00 6.278704e+00
1.327162e+00 -9.044685e+00
7.595580e+00 6.421471e+00
-1.564086e+01 6.835911e+00
8.321912e+00 6.732722e+00
8.154203e+00 7.584933e+00
-1.412386e+01 8.438327e+00
-9.090211e-01 -6.603072e+00
-1.461026e+01 8.707838e+00
-1.400432e+01 8.219642e+00
7.466349e+00 6.204756e+00
-2.574118e-01 -8.257964e+00
8.324979e+00 6.538198e+00
7.971854e+00 6.070340e+00
8.102232e+00 6.633897e+00
-1.696492e+01 6.016567e+00
8.759285e+00 7.330335e+00
6.532134e+00 6.938476e+00
6.880501e+00 6.351200e+00
7.973569e+00 7.446983e+00
6.723986e+00 7.382375e+00
8.490654e+00 6.021104e+00
-1.446789e+01 8.986479e+00
7.607922e+00 7.640061e+00
7.907888e+00 7.062224e+00
1.650038e+00 -9.525828e+00
-1.523771e+01 7.801555e+00
-1.416943e+01 8.777259e+00
-1.512763e+01 8.380307e+00
7.046302e+00 6.691156e+00
1.403459e+00 -8.696678e+00
8.112519e+00 6.541163e+00
6.984660e+00 6.494610e+00
8.181565e+00 7.204555e+00
7.559176e+00 7.420652e+00
7.742120e+00 7.251946e+00
-1.353258e+01 1.022120e+01
8.034881e+00 6.763610e+00
8.130780e+00 5.625167e+00
-1.476100e+01 8.233485e+00
-1.548889e+01 7.574436e+00
7.770163e+00 7.562510e+00
7.452819e+00 6.391201e+00
7.726570e+00 5.720674e+00
8.725297e+00 6.727257e+00
7.886740e+00 7.472594e+00
8.015107e+00 8.441643e+00
8.647184e+00 7.344260e+00
7.783246e+00 6.654304e+00
6.779765e+00 7.085247e+00
8.722859e+00 7.302767e+00
7.566711e+00 8.083675e+00
8.414581e+00 6.794761e+00
-1.624303e+01 7.308959e+00
8.234780e+00 7.105452e+00
8.683211e+00 6.570148e+00
9.005592e+00 7.316491e+00
7.715588e+00 7.173272e+00
7.797887e+00 8.336472e+00
9.102906e+00 6.185449e+00
7.341004e+00 6.239269e+00
9.218474e+00 6.420948e+00
7.661902e+00 7.020017e+00
8.949607e+00 6.810979e+00
8.069625e+00 6.968882e+00
9.034797e+00 6.798345e+00
-1.583663e+00 -6.255492e+00
8.425190e+00 7.883465e+00
7.693665e+00 7.272635e+00
7.182526e+00 7.524068e+00
6.367719e+00 7.159424e+00
8.127158e+00 7.878876e+00
6.911468e+00 7.957013e+00
7.034105e+00 7.157608e+00
7.680348e+00 7.979529e+00
7.395796e+00 7.266182e+00
8.409008e+00 7.921971e+00
7.506999e+00 8.826748e+00
8.427671e+00 6.719128e+00
-1.297683e+01 1.057827e+01
-1.417331e+01 9.077819e+00
9.169715e+00 6.309595e+00
7.410867e+00 7.445933e+00
7.805268e+00 7.989847e+00
8.457073e+00 7.843576e+00
7.884536e+00 6.990529e+00
-1.644421e+01 6.529689e+00
7.575530e+00 5.969913e+00
7.815973e+00 8.193426e+00
8.101935e+00 5.880317e+00
7.482083e+00 7.583767e+00
7.871669e+00 6.285215e+00
2.826217e-01 -7.878830e+00
8.491090e+00 6.675923e+00
8.672209e+00 6.455120e+00
6.999336e+00 7.667708e+00
7.635378e+00 6.842933e+00
7.253137e+00 6.437653e+00
7.109107e+00 6.650080e+00
7.426294e+00 7.766825e+00
7.153629e+00 8.472337e+00
-1.316018e+01 1.001919e+01
7.036135e+00 6.686681e+00
-5.520436e-03 -7.554946e+00
7.580828e+00 7.899288e+00
8.182638e+00 5.811855e+00
7.665451e+00 5.775231e+00
8.006551e+00 6.909733e+00
8.122074e-02 -7.744940e+00
6.747413e+00 6.153235e+00
7.591410e+00 5.909457e+00
9.109896e+00 8.160056e+00
1.816536e-01 -8.205159e+00
8.389314e+00 6.623155e+00
7.567634e+00 6.747609e+00
4.310215e-02 -7.520424e+00
7.644207e+00 6.981031e+00
6.084852e-02 -8.031235e+00
6.905318e+00 6.934403e+00
8.056965e+00 4.999005e+00
7.825431e+00 6.881027e+00
9.350894e+00 7.706077e+00
8.779720e+00 6.649603e+00
8.179843e+00 6.015311e+00
8.450053e+00 7.250982e+00
7.718696e+00 6.724893e+00
9.089304e+00 6.323020e+00
8.562556e+00 7.324892e+00
8.086686e+00 6.297902e+00
8.844406e+00 6.896715e+00
8.386630e+00 7.859981e+00
-1.363656e+01 9.117851e+00
9.262647e+00 6.996016e+00
8.512059e+00 6.507982e+00
7.925554e+00 7.051095e+00
-1.949478e+00 -6.207378e+00
8.497116e-01 -8.556146e+00
6.962551e+00 7.495172e+00
8.343853e+00 8.616695e+00
7.176967e+00 7.157967e+00
6.628654e+00 6.768516e+00
1.039485e+00 -8.742058e+00
7.264979e+00 5.016082e+00
8.010545e+00 7.018511e+00
8.213262e+00 8.151140e+00
-1.354309e+01 1.010788e+01
7.277700e+00 6.853292e+00
8.488318e+00 7.726923e+00
-1.383031e+01 9.201016e+00
8.760212e+00 6.932440e+00
7.649731e+00 7.468381e+00
-1.488979e+01 7.591688e+00
9.280483e+00 6.557742e+00
7.439821e+00 7.851539e+00
-1.066312e+00 -7.402323e+00
7.807616e+00 6.461942e+00
7.084356e+00 6.987724e+00
8.526370e+00 8.149698e+00
9.012347e+00 6.587823e+00
-1.487906e+01 7.876731e+00
8.937540e+00 6.563296e+00
-1.565010e+01 7.802138e+00
7.837646e+00 6.006627e+00
7.320445e+00 6.232143e+00
7.679855e+00 6.774642e+00
8.694386e+00 6.228055e+00
-1.481751e+01 7.592443e+00
8.990305e+00 6.584166e+00
-1.288194e+01 9.752004e+00
7.256255e+00 6.196843e+00
7.298392e+00 7.036521e+00
7.609893e+00 6.526728e+00
7.805883e+00 6.962937e+00
-1.376064e+01 9.712594e+00
7.669598e+00 5.624606e+00
-1.389343e+01 8.950618e+00
7.486761e+00 6.594137e+00
6.273338e-02 -8.052639e+00
7.542673e+00 7.527526e+00
7.460896e+00 8.062353e+00
8.552518e+00 6.483172e+00
-1.552228e+01 7.257691e+00
8.362361e+00 6.239726e+00
7.349749e+00 6.912654e+00
8.387464e+00 5.992093e+00
-2.131477e+00 -5.693329e+00
8.965994e+00 6.832530e+00
6.750191e+00 7.798896e+00
8.005590e+00 8.148506e+00
7.789755e+00 6.309296e+00
9.331324e+00 6.648997e+00
7.206670e+00 7.624053e+00
2.234815e+00 -9.893752e+00
7.826173e+00 6.314299e+00
8.327966e+00 6.436217e+00
7.589028e+00 7.580603e+00
1.267595e+00 -9.686253e+00
-4.565196e-02 -7.443578e+00
1.013481e+01 7.844315e+00
-1.366341e+01 9.449241e+00
7.491630e+00 6.740536e+00
3.077726e+00 -1.056608e+01
7.650863e+00 7.717356e+00
8.937818e+00 6.496948e+00
6.864865e+00 7.067041e+00
8.212914e+00 7.892374e+00
6.747810e+00 6.834315e+00
7.349219e+00 6.983283e+00
9.981519e+00 6.930206e+00
8.079295e+00 7.475366e+00
7.600726e+00 6.585588e+00
8.496818e+00 7.379005e+00
-1.423877e+01 7.754614e+00
8.712461e+00 7.552344e+00
5.952951e+00 6.769114e+00
6.117736e+00 6.036369e+00
8.557088e+00 6.925571e+00
7.953168e+00 7.056085e+00
8.821960e+00 6.166004e+00
-1.160495e+01 1.194716e+01
8.555718e+00 7.406758e+00
7.966250e+00 6.355687e+00
1.299395e+00 -9.173206e+00
9.327379e+00 6.530464e+00
7.657356e+00 7.303263e+00
7.303259e+00 6.822830e+00
8.139667e+00 8.302269e+00
7.635133e+00 7.663362e+00
9.370225e+00 6.227468e+00
7.986389e+00 7.101284e+00
7.524211e+00 8.901261e+00
8.290588e+00 7.286140e+00
7.897052e+00 6.314248e+00
8.150081e+00 6.081421e+00
-6.666025e-01 -8.182056e+00
8.398372e+00 5.087224e+00
8.838298e+00 6.457279e+00
7.705646e+00 5.612985e+00
8.674323e+00 7.626751e+00
7.762433e+00 7.523002e+00
-1.327538e+01 8.895204e+00
8.944049e+00 6.575473e+00
-1.377750e+00 -6.776791e+00
7.800753e+00 6.395591e+00
7.137384e+00 7.770203e+00
7.981262e+00 7.862039e+00
9.875835e+00 7.276501e+00
8.359118e+00 8.280854e+00
7.887449e+00 7.868666e+00
7.989523e+00 7.672028e+00
7.754382e+00 6.947357e+00
7.421152e+00 6.012801e+00
9.146918e+00 7.685730e+00
8.299545e+00 6.199618e+00
-1.145270e+01 1.125419e+01
-1.913436e+01 3.698349e+00
9.707554e+00 6.734127e+00
8.714719e+00 5.910560e+00
2.519800e+00 -9.976621e+00
7.442877e+00 6.519116e+00
8.961778e+00 6.604707e+00
8.636458e+00 5.635992e+00
9.564847e-01 -8.956310e+00
-1.220010e+01 1.048032e+01
3.451546e+00 -1.147486e+01
9.093347e-01 -8.570345e+00
9.160425e+00 6.899341e+00
8.858864e+00 6.738739e+00
7.677049e+00 6.304384e+00
8.559932e+00 6.881504e+00
7.205593e+00 6.080613e+00
7.222714e+00 6.782470e+00
7.672760e+00 7.280979e+00
8.276796e+00 7.263414e+00
8.108085e+00 6.601976e+00
7.746115e+00 7.229511e+00
7.971792e+00 7.746597e+00
7.728343e+00 6.758628e+00
7.042548e+00 7.120504e+00
7.852614e+00 6.554787e+00
7.337177e+00 7.672027e+00
7.848808e+00 7.079928e+00
-1.671358e+01 6.069138e+00
7.639468e+00 5.605386e+00
-1.554741e+01 7.590312e+00
8.006028e+00 6.783186e+00
9.125334e+00 7.137867e+00
1.174647e+00 -9.845936e+00
-2.279190e+00 -5.210823e+00
7.656302e+00 6.048704e+00
8.463462e+00 8.794920e+00
7.619886e+00 6.719650e+00
9.597677e+00 5.963942e+00
7.813167e+00 6.386762e+00
8.334834e+00 6.499655e+00
-3.207105e+00 -4.603488e+00
-1.847222e+00 -6.272078e+00
7.980414e+00 7.131214e+00
-2.673809e-01 -8.242149e+00
8.182342e+00 7.272616e+00
7.362617e+00 7.607897e+00
-1.829720e+01 4.836735e+00
8.418033e+00 7.052621e+00
-1.183351e-01 -8.201557e+00
8.587409e+00 6.243925e+00
7.334097e+00 6.850052e+00
1.791209e+00 -1.023895e+01
9.274213e+00 4.894349e+00
7.715373e+00 7.072928e+00
2.081562e+00 -1.011823e+01
7.485143e+00 6.652483e+00
8.938945e+00 6.598205e+00
8.260841e+00 6.913573e+00
8.923158e+00 6.865085e+00
-1.783613e+01 3.858607e+00
-1.423157e+01 8.622311e+00
7.079213e+00 7.351379e+00
8.489303e+00 6.480424e+00
9.225920e+00 7.504667e+00
8.068953e+00 6.689321e+00
7.278077e+00 6.566824e+00
8.427194e+00 6.816221e+00
9.856399e+00 6.253046e+00
7.098060e+00 6.382278e+00
9.012292e+00 7.623472e+00
8.718959e+00 8.337724e+00
7.308198e+00 7.412513e+00
7.664812e+00 7.458934e+00
7.006044e+00 7.730446e+00
7.856938e+00 6.337607e+00
8.226877e+00 7.006834e+00
7.821260e+00 6.889684e+00
8.510172e+00 7.184362e+00
7.881701e+00 6.648630e+00
1.273169e+00 -9.668734e+00
7.821601e+00 8.662850e+00
-1.480098e+01 8.129755e+00
8.108776e+00 6.620506e+00
9.256525e+00 6.554158e+00
7.259348e+00 7.558534e+00
7.819356e+00 6.965882e+00
7.600766e+00 7.333070e+00
-2.473095e+00 -5.436329e+00
9.303742e+00 6.837105e+00
-1.199750e+01 1.075163e+01
6.833132e+00 7.268156e+00
7.888108e+00 7.059141e+00
7.993860e+00 7.836452e+00
7.988338e+00 8.068700e+00
7.971623e+00 7.515336e+00
7.730031e+00 7.007182e+00
-1.612699e+01 6.303457e+00
7.731401e+00 7.636935e+00
9.199469e+00 6.001574e+00
7.220514e+00 7.426901e+00
7.951931e+00 6.873827e+00
7.597417e+00 6.832107e+00
7.885307e+00 6.164362e+00
7.371437e+00 6.690725e+00
7.672737e+00 6.868353e+00
8.281548e+00 6.523166e+00
9.294930e+00 6.357667e+00
8.146649e+00 5.975290e+00
-1.612310e+01 7.098698e+00
8.848691e+00 8.437718e+00
8.439322e+00 6.293817e+00
7.661182e+00 6.914514e+00
8.079131e+00 6.766462e+00
7.805308e+00 7.967843e+00
4.719950e+00 -1.317980e+01
-1.680943e+01 6.067130e+00
8.137567e+00 7.416372e+00
7.953647e+00 7.546279e+00
8.350165e+00 5.745602e+00
8.213027e+00 6.424395e+00
8.879802e+00 6.806081e+00
8.804180e+00 6.783472e+00
8.791261e+00 7.469338e+00
8.482416e+00 6.054403e+00
8.943456e+00 6.740221e+00
7.339880e+00 6.012852e+00
8.786183e+00 7.591844e+00
6.849690e+00 7.666545e+00
4.923028e-01 -7.868050e+00
8.799678e+00 7.266230e+00
7.471157e+00 7.518263e+00
7.672758e+00 6.924333e+00
8.113185e+00 6.940614e+00
-1.135288e+01 1.194143e+01
7.779303e+00 6.959470e+00
7.598426e+00 8.113805e+00
9.231554e+00 7.673834e+00
-1.648909e+01 6.701743e+00
7.552029e+00 6.885155e+00
7.313089e+00 6.838096e+00
-1.230644e+01 9.781966e+00
7.899938e+00 6.818706e+00
8.878749e+00 5.633277e+00
9.481819e+00 7.331614e+00
8.145424e+00 6.173172e+00
8.331196e+00 7.233793e+00
8.169247e+00 6.150197e+00
1.039652e+00 -9.118683e+00
9.124359e+00 7.983365e+00
-1.751410e+01 5.833583e+00
7.995701e+00 6.089665e+00
7.517069e+00 6.513691e+00
8.407088e+00 7.107817e+00
9.226226e+00 6.411102e+00
7.974085e+00 6.779923e+00
8.566241e+00 6.384268e+00
7.305974e+00 6.205566e+00
-1.439985e+01 8.735819e+00
8.881365e+00 7.053058e+00
-1.500988e+01 7.673127e+00
7.331683e+00 8.719034e+00
7.373744e+00 6.913929e+00
8.367840e+00 6.626714e+00
8.167168e+00 6.093567e+00
8.923147e+00 7.892049e+00
-4.607012e-01 -7.771380e+00
6.825209e+00 6.898597e+00
7.447846e+00 6.644387e+00
7.886496e+00 7.184915e+00
-1.634199e+01 6.712664e+00
-1.405342e+00 -6.290062e+00
8.607939e+00 6.414485e+00
7.489977e+00 7.604118e+00
7.955201e+00 8.355023e+00
7.930305e+00 7.593301e+00
8.771582e+00 6.320292e+00
8.179918e+00 6.030928e+00
6.881025e+00 7.487153e+00
8.508081e+00 7.775949e+00
8.839678e+00 7.000786e+00
7.438882e+00 6.787288e+00
7.898340e+00 7.574552e+00
7.474149e+00 8.924347e+00
6.000952e+00 6.434265e+00
7.237424e+00 7.383088e+00
8.543727e+00 6.755914e+00
-1.747154e+01 5.521486e+00
9.449724e+00 6.318672e+00
8.518503e+00 5.757806e+00
7.749333e+00 7.764167e+00
7.458814e+00 7.532947e+00
8.858427e+00 6.638149e+00
8.501543e+00 6.770859e+00
-1.324198e+01 1.018355e+01
6.972021e+00 7.843102e+00
7.856467e+00 7.738118e+00
7.282762e+00 6.751426e+00
8.076875e+00 7.512994e+00
7.929241e+00 6.242343e+00
8.510774e+00 7.248144e+00
7.289108e+00 7.840091e+00
9.002352e+00 7.319034e+00
7.282544e+00 6.635785e+00
7.167959e+00 8.041953e+00
8.597388e+00 6.817092e+00
8.753745e+00 6.238565e+00
7.539591e+00 6.677578e+00
8.190016e+00 7.505851e+00
8.456308e+00 6.571969e+00
8.854993e+00 7.301901e+00
8.629918e+00 7.457307e+00
8.564827e+00 6.573020e+00
7.623476e+00 7.253002e+00
8.246519e+00 7.207424e+00
7.550436e+00 6.929657e+00
7.931172e+00 6.920984e+00
-1.213860e+01 1.068461e+01
-1.641390e+01 6.997336e+00
7.862613e+00 7.190970e+00
7.217620e+00 7.294025e+00
-1.610455e+01 7.203691e+00
7.651616e+00 8.049940e+00
8.466900e+00 6.768705e+00
8.108989e+00 7.142999e+00
7.548019e+00 7.440987e+00
8.006076e+00 6.672110e+00
7.710024e+00 6.127539e+00
7.571872e+00 6.952278e+00
7.455000e+00 8.242830e+00
8.321996e+00 7.537429e+00
7.151978e+00 6.802580e+00
7.830921e+00 7.741482e+00
1.248216e+00 -9.132345e+00
-1.741211e+00 -6.179009e+00
7.849524e+00 6.225313e+00
8.324969e+00 7.727303e+00
9.262144e+00 7.128060e+00
7.984769e+00 7.283048e+00
7.527381e+00 6.765210e+00
-1.394742e+01 8.778727e+00
7.188171e+00 7.600923e+00
7.000448e+00 5.743046e+00
7.737209e+00 6.491704e+00
-2.107950e+01 2.227194e+00
6.640957e+00 8.069305e+00
9.100518e+00 5.282419e+00
7.418360e+00 6.098837e+00
8.557449e+00 6.935335e+00
-2.080147e+00 -5.801009e+00
6.091924e+00 7.303510e+00
8.581179e+00 6.850238e+00
8.779054e+00 7.797714e+00
7.173611e+00 6.895832e+00
8.111972e+00 5.732558e+00
7.681417e+00 6.829340e+00
6.570982e+00 8.646137e+00
8.015015e+00 7.457427e+00
7.862369e+00 7.767021e+00
6.855142e+00 7.544270e+00
-1.240856e+01 1.133683e+01
6.706661e+00 7.401924e+00
8.467236e+00 7.198859e+00
7.896878e+00 6.632333e+00
6.978374e+00 6.936372e+00
7.593108e+00 7.168408e+00
-1.283477e+01 1.007227e+01
8.290149e+00 6.539086e+00
8.223990e+00 7.189071e+00
7.746377e+00 6.207090e+00
8.093768e+00 5.675159e+00
8.646101e+00 7.517263e+00
-1.655348e+01 7.441050e+00
8.635897e+00 6.835615e+00
7.260675e+00 7.251979e+00
7.527656e+00 7.133649e+00
9.292701e+00 6.884214e+00
-1.308742e+01 1.007306e+01
8.251531e+00 5.709683e+00
8.093496e+00 7.391321e+00
7.995446e+00 6.182473e+00
-1.604966e+00 -6.378147e+00
7.700755e+00 6.825941e+00
7.778546e+00 7.136768e+00
7.644550e+00 7.384851e+00
6.921947e+00 8.135073e+00
7.970081e+00 6.716290e+00
7.192679e+00 7.859770e+00
2.633558e+00 -1.051676e+01
6.744245e+00 7.125099e+00
3.250419e-01 -8.765366e+00
8.052951e+00 6.543565e+00
8.460153e+00 7.037063e+00
8.730940e+00 7.501994e+00
9.555962e+00 6.669760e+00
8.263963e+00 6.964273e+00
8.437749e+00 8.648414e+00
7.575706e+00 5.793241e+00
7.665395e+00 6.648275e+00
-2.522332e+00 -6.573294e+00
8.482207e+00 6.568567e+00
6.432635e+00 6.154503e+00
-1.425163e+01 9.608781e+00
6.665281e+00 7.137405e+00
8.987447e+00 7.789440e+00
7.366765e+00 7.395549e+00
7.878837e+00 7.121634e+00
7.585775e+00 7.391327e+00
7.184029e+00 7.749415e+00
8.474498e+00 7.375102e+00
6.587962e+00 7.192250e+00
7.170346e+00 6.552356e+00
-1.613535e+01 7.233936e+00
9.277309e+00 6.912099e+00
8.332782e+00 7.796359e+00
7.396438e+00 6.630449e+00
7.989120e+00 7.528392e+00
7.694783e+00 6.331765e+00
-1.623158e+01 7.033391e+00
7.531391e+00 6.794464e+00
6.975560e+00 6.877210e+00
6.818533e+00 7.392709e+00
8.133483e+00 7.296222e+00
-1.471532e+01 8.357260e+00
8.582466e+00 6.195282e+00
8.906755e+00 7.122612e+00
9.040801e+00 8.279833e+00
7.339436e+00 6.761761e+00
-1.849987e+00 -5.797774e+00
8.307360e+00 6.589295e+00
8.851739e+00 7.121484e+00
6.379895e+00 5.886321e+00
-1.231215e+01 1.101471e+01
8.097597e+00 6.334496e+00
8.148391e+00 6.841904e+00
8.436893e+00 5.996223e+00
8.444059e+00 7.426783e+00
8.047952e+00 6.445022e+00
8.663594e+00 6.195479e+00
8.511984e+00 7.227294e+00
8.782734e+00 7.455627e+00
8.714075e+00 6.800010e+00
8.309341e+00 7.774780e+00
8.070053e+00 6.083704e+00
-1.311004e+01 9.741531e+00
7.716593e+00 7.252965e+00
7.867132e+00 7.542191e+00
7.777126e+00 7.917416e+00
7.928484e+00 7.979494e+00
-1.705729e+01 5.879871e+00
7.598675e+00 6.777855e+00
8.745530e+00 6.889600e+00
7.359065e+00 7.762471e+00
7.449382e+00 7.277128e+00
6.183343e+00 8.393744e+00
8.312335e+00 7.539684e+00
7.333560e+00 7.252756e+00
7.806857e+00 6.990397e+00
8.030920e+00 6.571158e+00
7.621984e+00 7.473075e+00
7.295689e+00 6.232994e+00
-1.054441e+01 1.272532e+01
-6.474049e-02 -7.055819e+00
-1.305340e+01 1.043258e+01
9.002858e+00 7.940657e+00
7.735936e+00 7.568474e+00
7.791351e+00 6.881632e+00
7.318526e+00 7.670552e+00
6.691234e+00 6.471428e+00
7.516863e+00 7.192975e+00
8.538393e+00 6.568833e+00
7.749190e+00 7.591544e+00
1.372757e-01 -7.772174e+00
7.681961e+00 7.315818e+00
7.913230e+00 6.426879e+00
8.353134e+00 7.710465e+00
8.857243e+00 7.257248e+00
6.928836e+00 7.075210e+00
7.739912e+00 7.591149e+00
7.887969e+00 7.282039e+00
8.566371e+00 7.008021e+00
6.604913e+00 6.735310e+00
8.889945e+00 6.728528e+00
-1.391463e+01 8.874317e+00
9.311506e+00 7.793297e+00
-3.192462e-01 -7.735728e+00
-1.546331e+01 7.081234e+00
7.673210e+00 7.380555e+00
9.064741e+00 7.918696e+00
7.840223e+00 6.338134e+00
7.834612e-01 -8.187336e+00
4.854350e-01 -8.605286e+00
4.359182e-02 -7.249721e+00
7.765557e+00 6.975103e+00
8.160842e+00 7.803856e+00
7.329719e+00 7.622577e+00
2.455332e-02 -8.895908e+00
8.430007e+00 6.397139e+00
8.654768e+00 6.638274e+00
8.318636e+00 5.876107e+00
-5.663495e-01 -6.602314e+00
9.249200e-01 -9.010714e+00
-3.353178e+00 -4.491987e+00
-1.448091e+01 8.618785e+00
7.869655e+00 7.644957e+00
9.433374e+00 7.596040e+00
-9.053666e-01 -7.358869e+00
8.826704e+00 6.313244e+00
8.264614e+00 9.143558e+00
7.940605e+00 7.673058e+00
8.502404e+00 6.287247e+00
-1.827271e+01 5.240429e+00
7.872380e+00 7.456015e+00
8.374485e+00 6.109603e+00
8.575829e+00 7.553311e+00
7.259814e+00 6.227841e+00
7.263914e+00 7.163068e+00
-3.162136e-01 -6.979313e+00
8.353360e+00 7.280986e+00
-9.521864e-01 -7.716064e+00
7.529523e+00 4.788921e+00
8.141648e+00 5.687798e+00
6.654967e+00 7.384122e+00
8.338118e+00 6.045971e+00
7.401252e+00 7.472085e+00
7.770214e+00 7.314140e+00
8.119748e+00 5.843900e+00
8.458810e+00 7.398693e+00
7.603460e+00 6.691879e+00
8.309218e+00 5.899991e+00
7.727288e+00 7.992191e+00
8.054384e+00 7.300902e+00
8.594869e+00 7.103898e+00
7.471866e+00 7.216486e+00
-1.338381e+01 9.998753e+00
-1.359736e+01 8.539037e+00
7.356778e+00 6.506929e+00
-1.071652e-01 -8.176505e+00
8.050170e+00 7.562733e+00
8.694967e+00 5.823610e+00
7.850533e+00 7.801360e+00
8.578499e+00 7.027106e+00
8.764979e+00 6.948208e+00
7.576344e+00 7.136137e+00
7.615142e+00 7.130523e+00
7.997429e+00 6.568465e+00
7.602429e+00 7.039584e+00
6.948298e+00 6.069308e+00
7.619826e+00 6.982692e+00
7.284165e+00 5.954325e+00
7.325478e+00 7.065160e+00
6.798478e+00 8.047271e+00
7.435102e+00 6.911892e+00
-1.238987e+00 -6.068982e+00
6.987317e+00 7.269464e+00
7.351810e+00 6.925177e+00
9.064100e+00 7.057047e+00
6.677997e+00 6.980029e+00
-1.781272e+01 5.446893e+00
7.245861e+00 6.511766e+00
7.702358e+00 8.286372e+00
8.256787e+00 6.197157e+00
8.408348e+00 6.211788e+00
3.671311e+00 -1.106277e+01
8.994693e+00 8.510224e+00
8.247865e+00 8.204284e+00
8.488218e+00 7.850011e+00
7.884355e+00 7.059942e+00
8.789942e+00 6.495580e+00
8.457744e+00 6.286293e+00
9.807825e+00 7.653971e+00
7.813669e+00 7.148165e+00
8.971098e+00 7.071564e+00
7.918965e+00 6.806818e+00
8.603692e+00 5.335367e+00
8.083050e+00 6.897551e+00
8.841754e+00 7.973274e+00
8.280820e+00 7.916500e+00
8.370636e+00 7.025133e+00
6.653150e+00 6.299151e+00
7.901647e+00 7.436352e+00
8.215773e+00 6.286637e+00
7.974486e+00 8.176613e+00
8.705263e+00 7.815152e+00
7.898206e+00 6.348824e+00
7.630104e+00 8.821068e+00
7.960653e+00 6.890708e+00
7.963323e+00 7.584124e+00
8.079728e+00 5.698557e+00
9.513158e+00 7.764089e+00
7.040307e+00 6.473355e+00
7.567875e+00 7.467447e+00
7.436362e+00 6.240919e+00
7.862528e+00 8.146087e+00
-1.552115e+01 6.925207e+00
7.772198e+00 7.563521e+00
7.383849e+00 8.045066e+00
7.075891e+00 7.329449e+00
8.308846e+00 6.882838e+00
7.870365e+00 7.817182e+00
7.825003e+00 7.590161e+00
-1.467574e+01 7.786878e+00
6.861544e+00 6.878066e+00
7.415325e+00 5.878804e+00
6.925337e+00 6.959930e+00
6.390826e+00 7.109542e+00
-4.608487e+00 -3.849541e+00
7.206918e+00 6.707310e+00
7.295819e+00 7.776040e+00
7.400892e+00 6.191469e+00
-1.634080e+01 7.100126e+00
2.308469e+00 -9.978001e+00
9.100644e+00 5.958142e+00
8.931703e+00 8.438033e+00
7.917915e+00 6.522345e+00
7.088855e+00 6.455636e+00
7.845400e+00 7.125015e+00
8.053060e+00 6.956867e+00
-1.628411e+01 7.219089e+00
8.626286e+00 6.601210e+00
7.932622e+00 6.851116e+00
8.993878e+00 6.096503e+00
8.525534e+00 7.777827e+00
7.397005e+00 6.697407e+00
8.382854e+00 6.456827e+00
1.029383e+00 -9.041960e+00
8.573216e+00 6.860670e+00
8.617535e+00 7.226621e+00
-1.352097e+01 9.498737e+00
7.563584e+00 7.490436e+00
8.101178e+00 5.954772e+00
7.970395e+00 8.383085e+00
7.771993e+00 7.263199e+00
6.987016e+00 6.783727e+00
8.222465e+00 6.354420e+00
7.582393e+00 7.045383e+00
8.892256e+00 7.220022e+00
9.183142e+00 8.445849e+00
7.806941e+00 5.992266e+00
8.442803e+00 7.656785e+00
9.938963e+00 5.922877e+00
7.768553e+00 6.641727e+00
7.591206e+00 6.029349e+00
8.336275e+00 8.332089e+00
-1.754035e+00 -5.577424e+00
7.983073e+00 7.191514e+00
8.386151e+00 6.079028e+00
6.438206e+00 6.777124e+00
-2.062437e+01 2.669306e+00
8.398587e+00 6.463911e+00
9.034400e+00 7.832962e+00
8.763544e+00 6.267219e+00
-1.214951e+01 9.910049e+00
7.544201e+00 7.957916e+00
6.294817e+00 6.412457e+00
7.533793e+00 7.673552e+00
8.523890e+00 7.674091e+00
9.290699e+00 6.865013e+00
7.712029e+00 6.287580e+00
-1.384037e+01 8.860265e+00
7.570287e+00 6.830101e+00
7.301484e+00 6.994531e+00
8.173289e+00 7.951515e+00
7.998780e+00 6.809332e+00
8.567546e+00 6.602059e+00
7.673785e+00 6.765482e+00
-3.305739e-01 -7.861326e+00
5.592108e+00 6.850071e+00
7.338173e+00 6.796998e+00
8.849392e+00 6.460839e+00
7.762703e+00 6.763917e+00
7.247218e+00 6.724698e+00
7.787815e+00 7.825668e+00
7.316764e+00 5.743554e+00
8.723440e+00 6.362753e+00
7.988759e+00 8.200548e+00
1.412749e+00 -8.683544e+00
7.826179e+00 7.167816e+00
7.979208e+00 7.079724e+00
8.231088e+00 7.371211e+00
2.937732e+00 -1.061321e+01
-1.806336e+00 -6.838420e+00
7.089484e+00 7.359363e+00
8.419617e+00 6.085424e+00
-1.555954e+01 7.641512e+00
1.788795e+00 -9.346602e+00
7.831649e+00 7.874570e+00
7.944693e+00 8.421818e+00
9.073031e+00 6.129367e+00
7.968807e+00 7.552571e+00
7.250822e+00 7.589553e+00
7.943463e+00 7.293951e+00
7.072012e+00 6.360364e+00
7.398345e+00 6.711510e+00
8.052666e+00 6.595101e+00
-1.401557e+01 9.154401e+00
6.258363e+00 7.477585e+00
9.378522e+00 6.789861e+00
-5.164247e-01 -6.888883e+00
7.686669e+00 7.795179e+00
8.203424e+00 6.413844e+00
3.262357e-01 -9.091605e+00
7.654703e+00 6.144804e+00
8.180803e+00 7.503343e+00
2.136404e+00 -9.670718e+00
8.136101e+00 7.389350e+00
7.144775e+00 7.138131e+00
-1.663848e+01 6.652757e+00
6.328357e+00 7.954099e+00
7.569721e+00 6.899251e+00
7.914733e+00 6.085057e+00
8.146483e+00 4.887312e+00
8.693589e+00 7.662870e+00
7.671030e+00 7.102536e+00
8.595258e+00 7.234387e+00
7.555551e+00 6.755336e+00
8.566938e+00 6.536355e+00
7.773137e+00 7.429231e+00
8.504799e+00 7.863349e+00
7.198641e+00 7.248535e+00
8.324761e+00 8.352307e+00
7.213091e+00 6.198716e+00
8.180697e+00 6.572485e+00
1.818357e+00 -9.909831e+00
-1.586418e+01 6.529333e+00
8.579334e+00 6.791469e+00
7.526925e+00 6.498940e+00
9.163549e+00 7.980284e+00
-2.145285e+00 -6.613691e+00
8.064298e+00 6.566560e+00
-2.000829e+00 -5.377633e+00
4.478698e-01 -8.780486e+00
7.816433e+00 7.630307e+00
8.169066e+00 7.804574e+00
8.429233e+00 5.876842e+00
-4.986218e+00 -3.670199e+00
-1.107608e+01 1.165501e+01
7.854785e+00 6.420750e+00
8.228683e+00 6.738015e+00
7.682035e+00 7.719054e+00
7.964619e+00 6.523799e+00
6.891022e+00 8.596940e+00
-1.426023e+01 9.079088e+00
8.680512e+00 7.638648e+00
-1.630209e+01 6.282863e+00
7.768681e+00 7.230950e+00
6.996496e+00 8.574697e+00
8.060335e+00 7.332122e+00
7.379741e+00 6.092376e+00
9.016881e+00 6.529454e+00
7.465732e+00 5.553714e+00
7.723313e+00 7.869810e+00
8.720386e+00 6.841101e+00
-1.136069e+00 -7.033010e+00
-1.860278e+01 5.110742e+00
-3.026421e+00 -4.988305e+00
7.361439e+00 7.724881e+00
7.543915e+00 6.943751e+00
8.251689e+00 7.459883e+00
-1.387831e+01 9.208952e+00
6.499228e+00 7.130312e+00
9.071141e+00 7.269494e+00
7.612013e+00 5.887128e+00
8.670511e+00 6.842669e+00
7.215276e+00 6.789419e+00
7.062799e+00 7.276320e+00
8.755362e+00 7.837107e+00
1.527462e+00 -1.052013e+01
7.871928e+00 7.363401e+00
7.765154e+00 5.943329e+00
6.955996e+00 8.095148e+00
1.864553e+00 -9.953623e+00
8.264057e+00 6.823687e+00
7.235194e+00 6.081106e+00
8.433611e+00 7.414792e+00
-1.462465e+01 9.054839e+00
9.494021e-01 -9.288513e+00
8.515484e+00 7.460047e+00
7.359382e+00 6.087718e+00
8.998592e+00 7.883599e+00
7.464260e+00 8.376469e+00
7.998656e+00 6.901876e+00
8.161117e+00 5.618842e+00
8.195197e+00 6.965989e+00
7.739745e+00 7.423912e+00
7.777818e+00 6.965604e+00
7.875169e+00 7.521539e+00
8.406301e+00 7.174858e+00
9.443893e+00 6.826995e+00
9.018527e+00 7.593643e+00
7.537060e+00 7.503054e+00
7.817377e+00 6.556045e+00
8.060225e+00 7.195474e+00
7.519815e+00 7.415505e+00
6.673514e+00 6.648616e+00
7.292132e+00 6.809283e+00
7.349773e+00 5.909018e+00
6.429988e+00 7.517399e+00
7.288314e+00 6.416428e+00
8.862242e+00 6.763886e+00
7.155763e+00 6.508462e+00
7.271993e+00 6.751494e+00
-1.459995e+01 7.561819e+00
7.713614e+00 6.852590e+00
7.733894e+00 7.247729e+00
7.780928e+00 7.433090e+00
6.509769e+00 6.927010e+00
7.476097e+00 5.982873e+00
8.284712e+00 7.381924e+00
7.478907e+00 8.162743e+00
8.504040e+00 7.268936e+00
6.386826e+00 5.990496e+00
8.463928e+00 7.258198e+00
-8.263592e-01 -6.250475e+00
8.634336e+00 7.661140e+00
9.078697e+00 6.866889e+00
7.352867e+00 6.292796e+00
7.782492e+00 6.968557e+00
8.481685e+00 6.398636e+00
8.632839e+00 6.570008e+00
7.825183e+00 7.434993e+00
7.368923e+00 6.806236e+00
-2.759918e-01 -7.965064e+00
7.748259e+00 7.363419e+00
8.053873e+00 7.197409e+00
1.263772e+00 -9.467683e+00
8.166996e+00 7.209602e+00
1.073989e+00 -9.337950e+00
8.863961e+00 7.557666e+00
7.233298e+00 6.652651e+00
6.340370e+00 7.427582e+00
8.968639e+00 7.119375e+00
7.715912e+00 7.137436e+00
7.152406e+00 7.951478e+00
8.079260e+00 6.879561e+00
-1.303581e+01 1.017012e+01
8.122798e+00 8.064890e+00
8.830401e+00 6.805493e+00
9.764845e+00 6.524752e+00
8.726697e+00 7.360108e+00
6.134830e+00 8.114107e+00
7.799701e+00 6.154860e+00
8.594685e+00 7.112936e+00
-1.420822e+01 8.254989e+00
7.424831e+00 7.331200e+00
7.721507e+00 7.411708e+00
7.980076e+00 6.581397e+00
-1.282640e+01 1.005161e+01
9.025533e+00 7.662410e+00
8.244212e+00 6.540132e+00
-2.463635e+00 -5.710262e+00
-1.768589e+00 -7.242214e+00
7.034258e+00 6.432041e+00
8.453400e+00 6.881959e+00
8.704742e+00 6.565655e+00
-1.424847e+01 9.033415e+00
6.975242e+00 5.696954e+00
8.625558e+00 6.824579e+00
7.985893e+00 7.930175e+00
7.530964e+00 5.252940e+00
8.007193e+00 7.141976e+00
8.101000e+00 7.768978e+00
8.157940e+00 6.351393e+00
8.676584e+00 6.951923e+00
6.495225e+00 6.569461e+00
8.542196e+00 6.650820e+00
9.472079e+00 8.156509e+00
8.225771e+00 8.187085e+00
7.441893e+00 8.225838e+00
7.500810e+00 7.491957e+00
8.691132e+00 7.163598e+00
6.588654e+00 7.616494e+00
8.686907e+00 8.355192e+00
8.150775e+00 8.259010e+00
-1.398122e+01 8.978637e+00
7.120683e+00 6.893203e+00
7.609848e+00 6.972132e+00
7.609173e+00 7.379303e+00
8.098033e+00 7.071940e+00
8.332466e+00 5.196364e+00
8.350162e+00 6.046045e+00
7.538359e+00 7.031800e+00
8.119961e+00 6.920994e+00
7.679430e+00 7.914337e+00
-1.592433e+01 7.720081e+00
7.625704e+00 8.329901e+00
7.379722e+00 7.357911e+00
-1.407026e+01 8.738066e+00
7.530001e+00 7.027757e+00
7.375385e+00 6.280231e+00
7.726881e+00 6.918480e+00
-5.333344e-01 -7.354611e+00
8.322966e+00 6.453703e+00
8.285000e+00 7.140818e+00
8.475053e+00 7.214793e+00
8.249697e+00 6.689024e+00
6.932944e+00 6.566380e+00
6.764891e-01 -7.983173e+00
8.897756e+00 6.601707e+00
8.250592e+00 6.915987e+00
1.990324e+00 -9.268680e+00
7.197977e+00 5.432269e+00
8.638830e+00 6.653685e+00
8.073025e+00 7.022240e+00
7.779568e+00 7.310354e+00
-1.757858e+00 -6.811780e+00
8.347827e+00 6.307935e+00
8.461982e+00 6.373600e+00
7.034166e+00 6.247318e+00
8.207456e+00 7.418440e+00
9.458839e+00 6.968424e+00
8.377441e+00 7.279613e+00
8.477198e+00 6.618916e+00
8.224770e+00 7.948282e+00
7.018806e+00 6.899211e+00
-1.689369e+01 7.036753e+00
9.284879e+00 6.275474e+00
7.525460e+00 6.015998e+00
7.599755e+00 6.688063e+00
8.333870e+00 7.917717e+00
8.859701e+00 7.434130e+00
7.896407e+00 7.690937e+00
7.313496e+00 6.896299e+00
8.307820e+00 8.034286e+00
-1.551686e+01 7.337462e+00
8.689330e+00 6.557263e+00
6.990063e+00 6.167653e+00
7.533619e+00 7.702017e+00
8.160411e+00 5.723906e+00
-1.507773e+01 8.325996e+00
8.088751e+00 5.857565e+00
6.486610e+00 6.557656e+00
7.244111e+00 7.787904e+00
7.324881e+00 6.258659e+00
6.909678e+00 6.430894e+00
8.750219e+00 6.941696e+00
7.391587e+00 7.194519e+00
9.185423e+00 7.491798e+00
8.496871e+00 6.600345e+00
8.289345e+00 6.905006e+00
8.973756e+00 7.546500e+00
9.139045e+00 6.944419e+00
6.851715e+00 6.113491e+00
8.008840e+00 7.460787e+00
8.428736e+00 6.528546e+00
8.426479e+00 7.155531e+00
6.470696e+00 6.397088e+00
8.521101e+00 7.781275e+00
8.007479e+00 5.523333e+00
8.300946e+00 7.935498e+00
7.365531e+00 7.178683e+00
8.151841e+00 7.407498e+00
8.468688e+00 5.707754e+00
6.123652e+00 6.174585e+00
9.389230e+00 6.886430e+00
-1.608018e+01 7.129588e+00
8.552823e+00 7.795232e+00
8.391717e+00 7.480007e+00
7.873325e+00 6.375902e+00
8.042563e+00 7.645380e+00
8.473737e+00 6.894174e+00
-1.028981e+00 -7.293180e+00
8.789338e+00 6.805759e+00
8.139686e+00 7.117933e+00
7.880366e+00 5.913359e+00
8.318639e+00 7.015686e+00
8.368834e+00 7.089049e+00
8.671621e+00 7.487059e+00
-1.591677e+01 8.037835e+00
7.810744e+00 6.101503e+00
8.402956e+00 6.118633e+00
8.165244e+00 7.930967e+00
6.979407e-01 -8.850624e+00
8.323109e+00 7.819492e+00
-1.381329e+01 9.016195e+00
7.447001e+00 7.633654e+00
7.355365e+00 7.664731e+00
7.399165e+00 7.230169e+00
7.996351e+00 8.754448e+00
7.690110e+00 6.849908e+00
9.071918e+00 7.423438e+00
7.809124e+00 7.203513e+00
8.615810e+00 5.836053e+00
5.934040e+00 7.768440e+00
-1.405939e+01 8.784905e+00
8.038644e+00 6.900976e+00
8.035105e+00 8.601464e+00
6.994747e+00 6.783887e+00
-1.108419e+01 1.182252e+01
-1.567544e+01 7.334353e+00
7.688906e+00 6.937551e+00
7.236550e+00 6.915588e+00
8.087483e+00 6.220200e+00
7.399266e+00 7.677294e+00
8.964042e+00 5.853659e+00
7.317381e+00 5.533792e+00
6.718750e+00 6.747637e+00
8.981037e+00 7.480263e+00
9.266412e+00 7.277665e+00
8.135776e+00 6.852583e+00
6.988083e+00 5.317062e+00
8.022007e+00 6.101823e+00
6.950894e-01 -8.171291e+00
-1.510954e+01 8.703864e+00
9.401958e+00 6.555588e+00
8.433988e+00 7.431058e+00
8.065170e+00 7.111193e+00
9.336827e+00 5.364396e+00
7.570021e+00 6.439577e+00
7.700325e+00 6.367419e+00
7.881427e+00 7.068070e+00
6.857796e+00 6.809048e+00
-1.157367e+00 -6.887570e+00
-1.511321e+00 -7.190317e+00
7.942505e+00 5.930309e+00
6.991602e+00 7.368797e+00
8.043072e+00 6.964071e+00
-2.112712e+00 -5.672859e+00
9.084025e+00 7.658456e+00
-1.385213e+01 9.701929e+00
-1.331519e+01 9.938545e+00
-1.515679e+01 8.253266e+00
6.374898e+00 7.041897e+00
7.750013e+00 8.017546e+00
7.398351e+00 7.902173e+00
8.480667e+00 8.668902e+00
8.402805e+00 6.126152e+00
7.747509e+00 6.966002e+00
9.393603e+00 6.671180e+00
9.621531e+00 6.927975e+00
9.631770e+00 6.956161e+00
6.874893e+00 6.485378e+00
7.638916e+00 8.011613e+00
7.667843e+00 7.181771e+00
8.690379e+00 7.584509e+00
8.126563e+00 6.817088e+00
-1.597511e+01 6.852217e+00
7.677998e+00 6.805961e+00
8.269423e+00 7.091613e+00
2.649003e-01 -8.876532e+00
6.916034e+00 8.170528e+00
-8.685063e-01 -6.417291e+00
7.922298e+00 7.006370e+00
-1.529473e+01 7.485043e+00
7.817934e+00 6.153525e+00
7.923251e+00 6.261319e+00
-1.433091e+01 8.439774e+00
-1.622296e+01 6.736328e+00
6.711977e+00 7.953017e+00
7.528077e+00 6.538668e+00
7.085764e+00 6.784560e+00
7.173579e+00 6.857665e+00
-1.565011e+01 7.226663e+00
8.247620e+00 7.376526e+00
7.218981e+00 7.188442e+00
8.261984e+00 6.120083e+00
7.179876e+00 7.373285e+00
8.909867e+00 6.593112e+00
-1.980467e+00 -6.057739e+00
9.359244e+00 7.734994e+00
7.456755e+00 6.454401e+00
9.042036e+00 7.028773e+00
7.648503e+00 7.297266e+00
8.627433e+00 6.607025e+00
8.967139e+00 7.195343e+00
3.807660e+00 -1.126039e+01
6.401739e-01 -8.473808e+00
7.656094e+00 6.910270e+00
8.293253e+00 7.807310e+00
-1.453911e+00 -7.188919e+00
7.042687e+00 7.022276e+00
7.710446e+00 6.556308e+00
7.015894e+00 6.039580e+00
-1.634234e+01 6.535875e+00
7.230090e+00 6.984699e+00
8.427573e+00 7.812702e+00
8.850065e+00 7.704707e+00
-1.380366e+01 8.920302e+00
8.781152e+00 7.318036e+00
7.751711e+00 6.743106e+00
-1.516507e+01 8.065751e+00
7.645178e+00 6.785556e+00
-1.402913e+01 8.917004e+00
7.358542e+00 7.566400e+00
-2.348064e-01 -7.900520e+00
7.143990e+00 7.761355e+00
-1.397469e+01 9.533977e+00
6.625412e+00 7.968835e+00
8.123649e+00 7.625932e+00
8.312257e+00 7.105934e+00
9.374354e+00 7.805538e+00
9.045101e+00 6.737729e+00
8.181152e+00 6.694203e+00
9.029920e+00 6.320961e+00
9.051182e+00 6.934166e+00
7.169322e+00 7.002272e+00
8.799700e+00 6.937948e+00
7.969117e+00 8.286425e+00
-2.917004e-01 -7.686521e+00
8.331543e+00 7.031201e+00
6.845750e+00 6.826731e+00
6.958334e+00 6.526051e+00
1.517947e-01 -7.957522e+00
8.390052e+00 6.457054e+00
8.134919e+00 5.835924e+00
-1.445525e+01 8.999658e+00
8.647041e+00 6.406331e+00
-2.659211e+00 -6.019822e+00
7.822448e+00 7.545017e+00
8.572238e+00 7.616663e+00
8.441930e+00 6.585693e+00
6.598768e+00 7.576183e+00
7.564104e+00 6.904849e+00
8.091707e+00 8.237403e+00
8.116767e+00 6.148941e+00
7.281188e+00 7.317720e+00
7.326294e+00 8.580319e+00
8.350714e+00 7.084600e+00
8.001634e+00 7.691457e+00
-1.536873e+01 7.796959e+00
8.546329e+00 6.573167e+00
7.472735e+00 7.653517e+00
7.996374e+00 6.799889e+00
8.729427e+00 5.487592e+00
-1.342278e+01 9.714374e+00
-1.657034e+01 6.580927e+00
7.987426e+00 7.528002e+00
8.485674e+00 6.601888e+00
3.585238e+00 -1.086244e+01
9.511242e+00 7.030868e+00
2.777134e+00 -1.052406e+01
7.896921e+00 7.754894e+00
2.020353e+00 -1.012314e+01
8.062756e+00 5.405757e+00
8.819125e+00 6.433588e+00
8.223491e+00 8.029501e+00
-1.612985e+01 6.890926e+00
8.904302e+00 6.705793e+00
7.623098e+00 8.152405e+00
8.136746e+00 7.912328e+00
-2.910136e+00 -4.944862e+00
8.510343e+00 8.356916e+00
7.150187e+00 8.442740e+00
7.734352e+00 6.268086e+00
7.988655e+00 7.196739e+00
6.985387e+00 7.430884e+00
8.135504e+00 5.409509e+00
4.268890e-01 -7.932260e+00
-2.529032e-01 -7.907695e+00
8.602469e+00 8.331465e+00
-1.356889e+01 9.274486e+00
8.316334e+00 5.873446e+00
9.323735e+00 6.178105e+00
-1.542840e+01 8.043685e+00
7.918634e+00 6.901964e+00
3.937941e+00 -1.194427e+01
8.325436e+00 6.931521e+00
-1.403540e+01 8.588688e+00
8.119008e+00 5.972417e+00
8.254932e+00 5.986240e+00
1.128393e+00 -8.980310e+00
6.675297e+00 6.458743e+00
8.725573e+00 7.508383e+00
8.104275e+00 6.864457e+00
-2.001963e+00 -5.944917e+00
8.001189e+00 7.663529e+00
7.009650e+00 7.982353e+00
8.063918e+00 7.235150e+00
7.792625e+00 5.873092e+00
8.233218e+00 6.536263e+00
7.486212e+00 6.522716e+00
7.461601e+00 6.921149e+00
8.410893e+00 6.621563e+00
8.343641e+00 8.138682e+00
8.168816e+00 6.490167e+00
7.629814e+00 6.301619e+00
7.862564e+00 8.208301e+00
-1.229951e+01 1.047139e+01
7.375157e+00 6.003799e+00
-4.911635e-01 -8.127715e+00
8.911519e+00 7.411141e+00
8.592270e+00 7.262651e+00
7.879013e+00 7.000384e+00
9.237851e+00 7.227255e+00
8.965529e+00 7.952917e+00
9.184610e+00 6.666046e+00
7.674728e+00 6.342788e+00
7.604436e+00 7.391106e+00
8.055278e+00 7.556565e+00
8.632412e+00 8.072949e+00
7.508313e+00 7.234553e+00
2.529365e+00 -9.998959e+00
8.162046e+00 7.039213e+00
7.244036e+00 7.850978e+00
-2.311244e+00 -6.208582e+00
8.112146e+00 7.295129e+00
7.528607e+00 7.903011e+00
-6.519455e-01 -7.086098e+00
8.858771e+00 7.484478e+00
6.877855e+00 7.354480e+00
7.188937e+00 6.338844e+00
8.349821e+00 6.564484e+00
8.723632e+00 6.166468e+00
-2.397126e-01 -7.156386e+00
8.210976e+00 6.434523e+00
8.120276e+00 5.830076e+00
7.260006e+00 7.077719e+00
8.508232e+00 8.004666e+00
8.638838e+00 8.125688e+00
7.686352e+00 6.552057e+00
8.068474e+00 7.037567e+00
7.768117e+00 7.212209e+00
-1.405111e+01 8.146128e+00
7.848450e+00 6.331643e+00
7.605396e+00 5.460893e+00
7.352540e+00 7.059985e+00
8.293872e+00 6.821973e+00
8.747726e+00 6.439694e+00
7.595890e+00 8.618292e+00
7.969303e+00 6.624260e+00
8.780501e+00 6.836651e+00
7.709263e+00 6.840036e+00
8.420090e+00 5.817182e+00
7.756174e+00 8.123498e+00
7.888306e+00 7.634870e+00
7.931450e+00 7.067615e+00
7.557144e+00 7.633147e+00
8.677023e+00 6.538288e+00
9.195814e+00 7.467443e+00
-1.419283e+01 8.925729e+00
7.519897e+00 7.041574e+00
-1.782182e+00 -6.419471e+00
7.554848e+00 7.013490e+00
7.094922e+00 6.482620e+00
7.314581e+00 6.747348e+00
5.225041e-01 -8.556914e+00
7.524841e+00 6.004715e+00
4.844153e-03 -7.889947e+00
8.748940e+00 6.943042e+00
7.824680e+00 6.098932e+00
-9.943105e-01 -6.974459e+00
8.032285e+00 6.766010e+00
6.692624e-02 -8.327786e+00
7.173396e+00 7.229167e+00
7.902751e+00 6.508321e+00
-1.707064e+01 6.032665e+00
9.049845e+00 6.816202e+00
8.548640e+00 7.919684e+00
6.933562e+00 7.714312e+00
6.752497e+00 7.426590e+00
8.201742e+00 7.940459e+00
8.365429e+00 6.110094e+00
-1.722281e+01 5.450894e+00
7.641925e+00 6.876543e+00
8.732436e+00 5.813316e+00
7.558889e+00 6.677492e+00
-1.827603e+00 -6.077018e+00
8.274465e+00 6.550469e+00
8.068603e+00 5.985236e+00
7.801692e+00 7.155354e+00
8.741047e+00 7.370019e+00
9.178555e+00 7.851666e+00
8.254277e+00 6.406666e+00
7.555706e+00 6.824910e+00
7.945093e+00 7.565964e+00
2.505690e-01 -8.237528e+00
7.778468e+00 6.282464e+00
8.640927e+00 6.182506e+00
-6.866906e-02 -7.839547e+00
7.830321e+00 7.746219e+00
7.618473e+00 6.426826e+00
7.529166e+00 6.023981e+00
8.668589e+00 5.977068e+00
7.859319e+00 6.385870e+00
2.782811e+00 -1.078004e+01
7.805979e+00 6.515970e+00
8.748204e+00 6.960014e+00
8.736045e+00 5.845340e+00
-6.023792e-01 -7.244415e+00
8.963100e+00 6.342936e+00
8.537162e+00 6.739899e+00
8.342133e+00 6.338063e+00
8.141865e+00 7.781357e+00
-8.838177e-01 -6.569917e+00
7.121703e+00 8.030184e+00
7.700205e+00 6.382809e+00
7.664401e+00 7.564697e+00
7.397315e+00 7.741996e+00
7.399922e+00 6.058038e+00
-1.489977e+00 -7.626966e+00
7.782315e+00 9.017594e+00
-1.551980e+01 7.515226e+00
7.375789e+00 6.457054e+00
8.786473e+00 6.196728e+00
7.714673e+00 6.796937e+00
-6.368335e-01 -7.455273e+00
8.165382e+00 6.550126e+00
7.080005e+00 6.818714e+00
8.452666e+00 8.069869e+00
8.329200e+00 6.207995e+00
6.638084e+00 7.237189e+00
6.517296e-03 -8.311733e+00
7.749209e+00 6.764696e+00
-1.615602e+00 -7.275665e+00
8.267404e+00 8.152205e+00
8.907936e+00 6.751104e+00
7.310450e+00 5.831951e+00
-1.325919e+01 1.002079e+01
7.913675e+00 7.617173e+00
7.632271e+00 6.788273e+00
7.560533e+00 7.456838e+00
-6.279687e-01 -7.639943e+00
7.896747e+00 7.927242e+00
8.139208e+00 7.354554e+00
2.401740e-02 -7.769546e+00
7.895825e+00 8.393010e+00
8.880995e+00 6.543934e+00
8.135460e+00 6.675520e+00
7.377599e+00 6.785838e+00
8.871643e+00 7.718330e+00
8.571414e+00 6.094808e+00
7.573782e+00 7.182685e+00
8.076927e+00 6.785366e+00
7.769830e+00 7.891167e+00
8.006463e+00 6.819867e+00
6.877900e+00 6.444212e+00
5.269097e+00 8.062001e+00
-1.582798e+01 7.447163e+00
7.763565e+00 8.665449e+00
8.673596e+00 8.543861e+00
7.069411e+00 7.434413e+00
8.212196e+00 6.479035e+00
7.521187e+00 6.904352e+00
7.303444e+00 8.053202e+00
7.854308e+00 7.153999e+00
8.180343e+00 7.298937e+00
7.388865e+00 6.931278e+00
6.845930e+00 5.584939e+00
8.494482e+00 6.346574e+00
1.001618e+01 7.747508e+00
7.832669e+00 6.648270e+00
8.052610e+00 7.857260e+00
8.176450e+00 6.731263e+00
7.981719e+00 8.047237e+00
7.617756e+00 7.194162e+00
1.497398e+00 -9.277596e+00
8.384195e+00 7.056343e+00
8.460353e+00 7.932213e+00
8.063809e-01 -7.798682e+00
-1.324900e+00 -7.908840e+00
7.939066e+00 5.743407e+00
7.254635e+00 5.620583e+00
7.892328e+00 6.626830e+00
6.821922e+00 7.093238e+00
9.340809e+00 7.270252e+00
6.921225e+00 8.329137e+00
7.546471e+00 6.170321e+00
2.292501e+00 -9.771520e+00
7.673312e+00 6.679426e+00
7.306877e+00 7.307012e+00
7.678617e+00 5.857491e+00
7.828298e+00 7.904887e+00
8.793229e+00 6.487219e+00
7.730309e+00 6.996335e+00
-1.490714e+01 8.145156e+00
7.492420e+00 6.015010e+00
1.396542e+00 -9.380903e+00
8.701488e+00 6.449059e+00
8.036162e+00 7.753846e+00
8.235306e+00 5.893804e+00
7.922481e+00 8.772647e+00
8.276248e+00 6.554223e+00
7.391201e+00 5.827058e+00
-1.117347e+00 -7.608889e+00
8.932777e+00 7.814455e+00
-1.221547e+01 1.101278e+01
9.023315e+00 7.677805e+00
8.709070e+00 7.133125e+00
7.495196e+00 7.029221e+00
9.009010e+00 7.546135e+00
3.705067e-01 -8.239954e+00
7.575120e+00 7.005063e+00
8.429404e+00 8.175833e+00
-1.319519e+01 9.416146e+00
8.748653e+00 7.235668e+00
8.636990e+00 9.033111e+00
7.232691e+00 6.945952e+00
-1.948197e+00 -6.245519e+00
9.049140e+00 7.068423e+00
8.787134e+00 6.963363e+00
6.518747e+00 6.594173e+00
7.396216e+00 6.215213e+00
8.392004e+00 6.508765e+00
9.205912e+00 8.174002e+00
-1.573656e+01 7.287154e+00
7.297042e+00 7.571723e+00
8.482975e+00 7.135509e+00
7.784828e+00 6.678854e+00
8.078441e+00 7.534764e+00
7.728981e+00 7.391978e+00
6.817846e+00 7.629507e+00
7.673530e+00 6.177011e+00
8.124258e+00 7.214576e+00
8.855907e+00 8.021951e+00
8.814737e+00 8.037800e+00
9.164496e+00 7.437266e+00
2.361811e-01 -8.863698e+00
7.600835e+00 7.230009e+00
-2.585968e+00 -4.886644e+00
8.471581e+00 7.919528e+00
7.547866e+00 6.093448e+00
-1.373954e+01 8.969715e+00
8.168582e+00 6.417787e+00
8.288972e+00 7.956538e+00
8.179627e+00 6.764279e+00
8.433528e+00 8.344407e+00
8.008550e+00 7.288842e+00
9.416152e+00 7.658663e+00
7.409490e+00 6.725571e+00
7.056080e+00 8.107152e+00
7.876422e+00 6.554823e+00
8.763339e+00 6.864458e+00
8.806460e+00 6.928235e+00
2.852520e+00 -1.050159e+01
8.556307e+00 6.997617e+00
-1.471462e+01 8.405466e+00
8.308996e+00 6.589763e+00
6.837016e+00 6.929147e+00
8.018722e+00 7.032560e+00
6.588584e+00 6.778608e+00
7.683494e+00 6.941837e+00
8.453431e+00 4.881025e+00
5.920394e+00 6.635132e+00
8.101202e+00 6.548698e+00
-1.479701e+01 7.650642e+00
6.194949e+00 8.366023e+00
7.691173e+00 6.579064e+00
9.036582e+00 7.662696e+00
7.917832e+00 7.376663e+00
8.567346e+00 6.013119e+00
7.738826e+00 7.202285e+00
-1.611564e+01 7.274287e+00
8.215031e+00 6.475780e+00
7.639035e+00 7.629024e+00
8.769322e+00 6.873683e+00
7.836621e+00 7.303132e+00
-2.334449e+00 -5.709806e+00
6.219199e+00 6.686274e+00
8.090955e+00 7.120403e+00
8.103092e+00 7.442216e+00
7.219168e+00 6.658599e+00
7.564734e+00 5.903833e+00
7.119068e+00 5.613798e+00
8.447417e+00 7.202813e+00
1.367425e+00 -9.938684e+00
7.693777e+00 8.365385e+00
7.035604e+00 7.364082e+00
7.211961e+00 8.212332e+00
8.529204e+00 6.748075e+00
-1.727935e+01 6.376426e+00
7.704272e+00 1.006883e+01
8.043413e+00 8.038123e+00
9.100263e+00 6.498741e+00
8.330106e+00 7.657012e+00
-1.542822e+01 7.489834e+00
8.790698e+00 6.828416e+00
-1.532065e+01 8.003264e+00
6.648470e+00 7.259096e+00
7.799320e+00 7.104402e+00
-1.465391e+01 8.417886e+00
8.933411e+00 7.426689e+00
7.431467e+00 6.497385e+00
-1.075620e+01 1.237096e+01
9.229374e+00 7.015254e+00
7.478650e+00 6.855788e+00
-1.586785e+01 7.089071e+00
-1.621308e+01 6.876405e+00
6.958847e+00 7.531706e+00
7.654768e+00 6.916096e+00
7.494810e+00 8.448067e+00
-1.539989e+01 7.812799e+00
7.896991e+00 7.207127e+00
6.821782e+00 7.172891e+00
7.636995e+00 6.358030e+00
8.174802e+00 7.360879e+00
8.877445e+00 6.737573e+00
7.404556e+00 6.016786e+00
8.332736e+00 6.827347e+00
1.305841e-01 -7.526801e+00
-1.398836e+01 9.033432e+00
7.188956e+00 7.768404e+00
-3.758016e+00 -4.409704e+00
-1.595367e+01 6.834650e+00
6.626048e+00 8.098555e+00
7.566744e+00 6.256649e+00
8.565778e+00 7.113298e+00
-1.417026e+01 8.908033e+00
-1.645159e+01 6.598201e+00
7.002309e+00 6.348728e+00
6.869141e+00 5.590223e+00
7.914680e+00 7.418049e+00
8.339738e+00 7.333970e+00
8.105283e+00 7.083086e+00
9.260884e+00 6.276214e+00
8.987883e+00 6.502131e+00
7.880401e+00 7.102491e+00
8.559908e+00 6.048062e+00
7.736464e+00 7.284068e+00
7.166249e+00 6.997775e+00
4.229353e-01 -8.134989e+00
7.225382e+00 7.771103e+00
7.830637e+00 7.853152e+00
8.698809e+00 6.864569e+00
8.005230e+00 6.562743e+00
8.604700e+00 8.294738e+00
-1.820011e+01 5.203812e+00
8.064726e+00 7.144897e+00
7.666977e+00 6.774155e+00
8.565846e+00 7.807825e+00
8.817793e+00 6.958850e+00
-1.390366e+01 8.535386e+00
8.682927e+00 6.624197e+00
7.256413e+00 7.463457e+00
8.915589e+00 6.710468e+00
8.449527e+00 6.592792e+00
7.526151e+00 6.382077e+00
-1.514756e+01 7.808697e+00
7.705636e+00 8.061368e+00
8.014146e+00 7.061384e+00
6.639089e+00 7.755316e+00
8.610120e+00 7.558680e+00
7.776974e+00 6.900790e+00
6.005695e+00 6.426001e+00
8.373472e+00 5.928241e+00
7.885347e+00 7.223009e+00
2.926062e+00 -9.924061e+00
7.737941e+00 6.662822e+00
7.834797e+00 5.735847e+00
8.694701e+00 6.956314e+00
7.291353e+00 5.612759e+00
8.685449e+00 6.316522e+00
8.708382e+00 7.656643e+00
6.907114e+00 6.460112e+00
8.697459e+00 6.367174e+00
8.617493e+00 6.346506e+00
9.028957e+00 7.696537e+00
7.874162e+00 7.217776e+00
-1.104722e+00 -6.573303e+00
8.347301e+00 7.742029e+00
8.686391e+00 6.659091e+00
7.371458e+00 6.947916e+00
8.378968e+00 6.654540e+00
8.219756e+00 8.429298e+00
7.429291e+00 6.578303e+00
7.603532e+00 6.695749e+00
8.132194e+00 6.935431e+00
8.629802e+00 6.384075e+00
1.379957e+00 -8.720363e+00
7.906464e+00 6.715083e+00
7.645522e+00 7.502110e+00
-1.772764e+01 5.735852e+00
8.661536e+00 6.827609e+00
7.947364e+00 7.885705e+00
7.233665e+00 5.955956e+00
7.777978e+00 6.844835e+00
8.056793e+00 6.689736e+00
3.763659e+00 -1.144125e+01
8.242926e+00 7.510359e+00
7.508125e+00 7.171813e+00
7.482803e+00 6.267847e+00
3.405505e-01 -9.322161e+00
7.995664e+00 6.506421e+00
8.105704e+00 7.227048e+00
8.917222e+00 7.284712e+00
7.622217e+00 6.822390e+00
6.494522e+00 6.166226e+00
7.448912e+00 4.723951e+00
-1.744861e+01 5.758459e+00
7.778156e+00 6.598035e+00
7.782049e+00 7.724535e+00
7.928627e+00 6.971989e+00
7.340648e+00 7.257256e+00
7.757077e+00 7.078822e+00
7.591524e+00 7.077692e+00
-1.685349e+01 6.082898e+00
7.861039e+00 7.859987e+00
8.703006e+00 6.227814e+00
8.132070e+00 6.101727e+00
7.155109e+00 7.142485e+00
7.202832e+00 7.054583e+00
7.802954e+00 7.500412e+00
9.167437e+00 6.398368e+00
6.083378e+00 7.223849e+00
7.954867e+00 6.676411e+00
8.463634e+00 7.108859e+00
8.689323e+00 5.980599e+00
7.890078e+00 6.824194e+00
6.060384e-01 -9.556938e+00
9.760594e+00 8.271505e+00
-1.480421e+01 7.951051e+00
8.407373e+00 6.977410e+00
9.226162e+00 6.679915e+00
8.305576e+00 7.330522e+00
8.568745e+00 6.642277e+00
-1.654898e+01 6.338227e+00
7.911513e+00 6.533856e+00
8.569174e+00 5.692493e+00
7.018534e+00 6.713888e+00
8.053001e+00 6.991590e+00
7.707008e+00 7.850085e+00
8.978299e+00 7.542797e+00
8.362983e+00 7.671746e+00
8.418162e+00 7.702376e+00
9.145967e+00 6.978114e+00
8.534536e+00 6.819330e+00
8.280896e+00 7.701265e+00
7.588912e+00 7.486629e+00
8.865149e+00 7.096897e+00
-1.726135e+01 6.092546e+00
7.640564e+00 6.046566e+00
7.754861e+00 6.346623e+00
7.399540e+00 7.475940e+00
8.051682e+00 7.851868e+00
7.183513e+00 7.867431e+00
8.446012e+00 6.679480e+00
8.608517e+00 7.496802e+00
7.485524e+00 7.956338e+00
7.901073e+00 6.331318e+00
-1.435331e+01 8.949772e+00
7.752913e+00 6.969612e+00
7.104447e+00 7.237202e+00
7.386776e+00 7.338176e+00
8.258644e+00 6.033291e+00
7.501086e+00 5.518113e+00
7.559147e+00 6.042310e+00
7.503788e+00 8.128504e+00
-3.211495e+00 -4.884333e+00
-1.679143e+01 6.441076e+00
7.768861e+00 6.767597e+00
8.317460e+00 6.403392e+00
8.697431e+00 7.625168e+00
7.579598e+00 7.810701e+00
6.787105e+00 7.033587e+00
8.522699e+00 7.413763e+00
7.593286e+00 6.397384e+00
-1.638226e+01 6.323374e+00
8.410301e+00 6.220706e+00
8.237199e+00 6.651844e+00
-3.230406e-02 -7.779936e+00
7.776144e+00 7.095244e+00
1.554945e+00 -8.967669e+00
8.717694e+00 6.553215e+00
9.084739e+00 8.506085e+00
-1.625372e+01 6.714264e+00
8.067885e+00 6.707943e+00
7.385159e+00 6.653841e+00
-1.221241e+01 1.071131e+01
-1.355648e+01 8.620159e+00
8.255254e+00 6.967974e+00
7.528896e+00 7.191075e+00
6.813221e+00 6.753726e+00
9.191912e+00 6.671207e+00
7.866611e+00 7.044153e+00
7.616785e+00 7.886657e+00
8.071202e+00 7.742271e+00
8.141629e+00 7.173019e+00
7.546991e+00 7.983322e+00
8.471266e+00 7.093387e+00
8.053699e+00 6.415258e+00
8.309952e+00 7.041599e+00
7.862109e+00 7.560535e+00
-2.554167e-01 -6.833590e+00
-3.384814e-01 -7.115973e+00
8.720266e+00 6.653898e+00
-1.450908e+01 8.633736e+00
7.725503e+00 8.053544e+00
-1.670570e+01 6.885926e+00
-1.803012e+01 5.514679e+00
8.522578e+00 6.885846e+00
8.654367e+00 7.275390e+00
8.286002e+00 5.896396e+00
-1.561320e+01 7.504556e+00
8.070029e+00 6.817500e+00
8.196891e+00 6.842113e+00
8.156118e+00 7.362033e+00
7.475307e+00 6.815392e+00
-9.340740e-02 -7.432025e+00
6.848187e+00 6.903873e+00
-4.997819e-01 -7.119624e+00
7.455272e+00 6.224361e+00
9.090027e+00 6.476828e+00
7.913942e+00 7.180936e+00
7.858811e+00 7.354977e+00
8.573250e+00 7.325994e+00
8.147013e+00 7.960900e+00
8.916262e+00 7.664569e+00
7.829110e+00 6.696885e+00
7.295115e+00 6.490764e+00
1.116023e-01 -7.701610e+00
-5.872617e-01 -7.399515e+00
7.759615e-01 -8.188223e+00
7.743677e+00 7.288766e+00
8.122974e+00 6.976666e+00
8.293346e+00 7.207516e+00
-1.417628e+01 8.345972e+00
8.598451e+00 7.046580e+00
8.023959e+00 7.486509e+00
6.936149e+00 6.986852e+00
7.765329e+00 7.546392e+00
8.273989e+00 7.512161e+00
8.657125e+00 7.075659e+00
-1.110285e+00 -6.203406e+00
7.047065e+00 6.938061e+00
7.793541e+00 7.677340e+00
-5.559136e-01 -6.849123e+00
7.263891e+00 6.730209e+00
7.415215e+00 6.816619e+00
5.888979e+00 6.535508e+00
-1.383662e+01 9.538382e+00
-1.937238e+00 -6.509218e+00
7.212695e+00 5.593926e+00
7.519679e+00 6.568395e+00
8.457519e+00 7.503668e+00
7.960820e+00 8.395531e+00
7.535411e+00 6.825964e+00
8.246229e+00 8.225425e+00
6.287864e+00 6.623947e+00
8.258381e+00 8.549940e+00
8.083804e+00 6.210300e+00
6.603278e+00 6.894008e+00
-1.402499e+01 8.922579e+00
7.815022e+00 6.836703e+00
7.480644e+00 7.361539e+00
-1.651536e+01 6.731818e+00
7.796730e+00 6.326831e+00
3.012115e-01 -7.729969e+00
7.676591e+00 6.840426e+00
-1.286784e+01 9.867493e+00
8.320947e+00 7.636106e+00
7.806994e+00 6.387728e+00
-2.412076e+00 -4.761991e+00
7.879076e+00 6.836920e+00
7.496342e+00 6.695399e+00
8.594844e+00 6.831624e+00
8.479876e+00 7.783481e+00
8.494743e+00 8.614840e+00
8.674972e+00 8.655488e+00
8.058124e+00 7.075462e+00
8.314848e+00 8.443363e+00
8.091517e+00 6.794370e+00
8.153138e+00 7.124503e+00
1.423583e+00 -8.825564e+00
-1.319933e+01 9.828217e+00
8.589246e+00 7.390159e+00
8.654207e+00 6.686178e+00
6.467421e+00 7.161813e+00
9.228855e+00 6.389144e+00
-1.131706e+00 -7.476974e+00
8.343381e+00 6.608828e+00
7.270632e+00 6.721153e+00
8.759060e+00 7.416444e+00
8.196845e+00 7.374610e+00
6.877496e+00 7.049146e+00
8.524848e+00 7.177218e+00
7.499683e+00 5.591156e+00
-1.371763e+00 -6.906270e+00
8.798445e+00 7.918669e+00
6.421040e+00 5.812869e+00
1.832908e+00 -9.272930e+00
7.511588e+00 7.006836e+00
6.571291e+00 6.349209e+00
8.373312e+00 6.878809e+00
8.077577e+00 7.230984e+00
6.705276e+00 7.859805e+00
8.255153e+00 7.392976e+00
8.452020e+00 6.442412e+00
-1.502296e+01 7.827448e+00
8.161967e+00 6.015587e+00
8.332094e+00 7.123792e+00
7.396428e+00 6.024452e+00
7.918132e+00 8.471403e+00
8.150898e+00 6.529005e+00
8.206257e+00 5.828931e+00
8.201139e+00 6.914947e+00
6.117264e+00 6.776235e+00
9.548820e+00 7.022483e+00
7.801224e-01 -8.346080e+00
8.362256e+00 6.913152e+00
6.862526e+00 6.813459e+00
-5.814492e-01 -7.348841e+00
7.975675e+00 7.494175e+00
7.615663e+00 6.650322e+00
8.486001e+00 5.917937e+00
9.262961e+00 8.149233e+00
7.365418e+00 6.948355e+00
7.467109e+00 7.232663e+00
8.056632e+00 7.324238e+00
-1.442138e+01 8.499711e+00
8.028578e+00 7.037198e+00
7.397420e+00 6.819779e+00
9.584040e+00 8.472622e+00
-2.608826e-01 -7.877624e+00
8.104155e+00 7.454874e+00
7.944105e+00 7.197069e+00
7.121666e+00 7.587050e+00
-1.371838e+01 9.357166e+00
8.098866e+00 6.672747e+00
4.573125e-01 -8.156270e+00
6.258061e+00 6.519164e+00
7.466876e+00 7.548114e+00
7.621021e+00 6.387690e+00
7.401010e+00 7.082767e+00
9.097983e+00 7.609771e+00
8.340025e+00 7.222829e+00
6.874145e+00 6.621435e+00
8.321632e+00 7.551048e+00
8.448854e+00 5.866070e+00
-1.587365e+01 6.539096e+00
-1.630006e+01 6.642570e+00
7.419415e+00 6.801481e+00
7.284899e+00 7.841832e+00
-1.545456e+01 7.692684e+00
-1.664926e+01 6.362826e+00
8.426641e+00 5.741370e+00
9.029939e+00 6.872001e+00
-1.655341e+01 7.131736e+00
8.440262e+00 6.960514e+00
8.689021e+00 6.202756e+00
7.798986e+00 7.871425e+00
8.310343e+00 8.274285e+00
8.449436e+00 7.739227e+00
7.151304e+00 7.069061e+00
7.447367e+00 6.317958e+00
8.552234e+00 6.123049e+00
8.210032e+00 7.112563e+00
7.337995e+00 7.410206e+00
7.252476e+00 6.449008e+00
8.963763e+00 5.271251e+00
8.872045e+00 7.577044e+00
8.942211e+00 7.508224e+00
7.174149e+00 7.285379e+00
8.271845e+00 6.606472e+00
6.788925e+00 7.016448e+00
7.839332e+00 7.008347e+00
7.014104e+00 6.497218e+00
6.872710e+00 7.978761e+00
8.491620e+00 7.889232e+00
8.385883e+00 6.620412e+00
7.583479e+00 6.178612e+00
7.931658e+00 6.560048e+00
7.861032e+00 7.261186e+00
2.014279e+00 -1.004035e+01
8.567576e+00 7.079991e+00
7.213093e+00 6.460684e+00
6.565338e+00 6.513523e+00
-8.633192e-01 -6.946295e+00
9.169263e+00 6.453799e+00
7.973837e+00 6.869576e+00
8.549373e+00 6.378471e+00
8.487486e+00 5.411847e+00
8.816960e+00 7.385005e+00
9.124679e+00 5.849570e+00
-1.283038e+01 9.587044e+00
8.166093e+00 7.768111e+00
7.643012e+00 6.586074e+00
6.556995e+00 8.234745e+00
-1.433977e+01 8.366010e+00
8.228931e+00 8.271215e+00
8.864652e+00 6.479423e+00
7.805343e+00 6.730484e+00
6.696530e+00 6.449873e+00
8.396569e+00 6.455493e+00
-1.340917e+01 9.832136e+00
7.031473e+00 6.981620e+00
9.451852e+00 6.501307e+00
8.716833e+00 7.192852e+00
6.699030e+00 7.120985e+00
8.337462e+00 7.507828e+00
8.178251e+00 7.160697e+00
8.005064e+00 6.981539e+00
7.000799e+00 6.440236e+00
6.478416e+00 6.670912e+00
8.937270e+00 6.717862e+00
8.137355e+00 6.159533e+00
8.330903e+00 7.365666e+00
-1.384485e+01 9.577728e+00
-1.403882e+01 9.760176e+00
7.274928e+00 6.759906e+00
7.745023e+00 6.561655e+00
8.634220e+00 6.188129e+00
8.087156e+00 6.313608e+00
7.211884e+00 5.974850e+00
-1.531504e+00 -6.005142e+00
7.903524e+00 8.035901e+00
-1.631473e+01 6.825602e+00
8.066988e+00 6.575894e+00
-1.268220e+00 -6.812337e+00
7.618930e+00 7.348782e+00
7.691787e+00 7.139355e+00
-1.334587e+00 -6.673939e+00
8.383210e+00 6.989273e+00
8.924019e+00 6.525864e+00
7.029891e+00 6.873974e+00
6.916196e+00 7.533840e+00
8.827992e+00 8.027633e+00
7.239756e+00 7.741407e+00
8.778688e+00 7.276267e+00
9.480109e+00 7.694037e+00
2.263719e-01 -8.657709e+00
6.719594e+00 7.196443e+00
-1.370816e+01 8.720454e+00
8.942810e+00 6.937763e+00
-1.329816e+00 -6.836116e+00
8.556664e+00 6.198257e+00
6.886823e+00 6.183700e+00
8.527060e+00 7.670575e+00
-2.297039e-02 -7.867617e+00
6.882092e+00 6.029225e+00
6.975506e+00 7.369610e+00
7.686492e+00 6.292863e+00
7.938854e+00 6.650500e+00
-1.311512e+01 1.022389e+01
-1.589365e+01 7.115685e+00
7.075164e+00 6.991166e+00
3.072584e-01 -8.584761e+00
8.172826e+00 7.530220e+00
8.298368e+00 6.430396e+00
-2.764908e+00 -5.424659e+00
7.612903e+00 7.131735e+00
7.057057e+00 6.824661e+00
7.197777e+00 8.269470e+00
-7.132899e-01 -6.671445e+00
8.376687e+00 5.863634e+00
-1.478506e+00 -6.200235e+00
2.258314e+00 -1.012004e+01
7.388793e+00 7.159229e+00
7.777909e+00 6.159041e+00
-2.191507e+00 -5.907011e+00
6.843716e+00 7.501798e+00
-1.139011e+01 1.215294e+01
8.003458e+00 6.899605e+00
-1.452141e+01 8.339099e+00
7.161600e+00 7.265265e+00
8.128416e+00 7.871109e+00
7.378360e+00 7.146389e+00
7.463665e+00 6.279906e+00
-1.566799e+01 7.801974e+00
-2.552963e-01 -8.349381e+00
7.089500e+00 7.850094e+00
7.574609e+00 5.583215e+00
7.146940e+00 6.273238e+00
9.306849e+00 5.563298e+00
7.909587e+00 5.878178e+00
8.086461e+00 6.888156e+00
8.811631e+00 6.724778e+00
-1.601141e+01 7.423353e+00
-1.362773e+00 -6.071333e+00
-1.517492e+01 8.210001e+00
8.135961e+00 5.948655e+00
-1.208852e+01 1.044892e+01
8.193993e+00 5.905197e+00
-1.638163e+01 6.113244e+00
7.400261e+00 7.379751e+00
7.200154e+00 7.018686e+00
8.331656e+00 6.714174e+00
7.865907e+00 6.285105e+00
7.316733e+00 6.453410e+00
8.864295e+00 6.906673e+00
8.414210e+00 6.658579e+00
7.913519e+00 6.445320e+00
8.757828e+00 6.603164e+00
-1.464676e+01 7.894497e+00
8.120670e+00 7.857000e+00
7.119145e+00 6.949386e+00
8.701375e+00 6.534145e+00
7.436314e+00 7.956064e+00
7.411303e+00 7.263550e+00
8.305232e+00 7.320673e+00
7.674425e+00 5.361255e+00
8.887823e+00 6.819821e+00
8.984282e+00 8.124785e+00
9.301789e+00 6.932630e+00
8.672705e+00 7.795442e+00
8.090945e+00 6.527989e+00
8.510597e+00 7.340026e+00
9.031800e+00 7.569759e+00
8.012574e+00 7.732358e+00
7.767184e+00 7.121674e+00
8.683302e+00 6.030301e+00
2.050255e+00 -9.412114e+00
8.168647e+00 6.794589e+00
7.235432e+00 7.382903e+00
8.473748e+00 5.376679e+00
8.170051e+00 6.435534e+00
8.594437e+00 5.838958e+00
1.846765e-01 -8.278689e+00
8.941383e+00 7.819285e+00
-1.260505e+01 1.121554e+01
9.321900e+00 6.884057e+00
8.168626e+00 6.513022e+00
8.602829e+00 7.196247e+00
7.241904e+00 5.441181e+00
9.719263e+00 6.478054e+00
8.400969e+00 7.902997e+00
8.290107e+00 7.463912e+00
6.841634e+00 7.079974e+00
7.909861e+00 8.022932e+00
7.480955e+00 7.306791e+00
-4.302273e-01 -7.399317e+00
-1.551481e+01 7.380462e+00
8.522108e+00 7.287947e+00
7.597807e+00 6.720870e+00
8.380735e+00 7.685457e+00
8.118387e+00 6.925579e+00
7.235310e+00 7.002894e+00
7.513739e+00 6.455093e+00
8.379844e+00 6.433803e+00
8.499515e+00 6.318197e+00
7.225699e+00 7.164591e+00
7.630016e+00 6.898503e+00
7.430544e+00 6.433723e+00
7.990988e+00 5.927976e+00
-1.661864e+01 6.650599e+00
7.398437e+00 6.593277e+00
7.749803e+00 7.540802e+00
-1.011961e-01 -7.499048e+00
-1.376980e+01 9.252221e+00
8.372747e+00 6.510891e+00
7.488350e+00 7.047300e+00
8.197145e+00 7.434051e+00
7.290071e+00 7.534749e+00
8.452007e+00 8.404468e+00
-1.527420e+01 8.116637e+00
7.426941e+00 7.566582e+00
8.336941e+00 7.884167e+00
6.914750e+00 5.986351e+00
6.935474e+00 5.943232e+00
-1.664612e+01 6.033260e+00
8.162787e+00 6.942162e+00
7.923849e+00 7.173654e+00
-1.493622e+01 7.531522e+00
8.068299e+00 8.028483e+00
8.595188e+00 6.009835e+00
-2.095899e+00 -5.967600e+00
8.444263e+00 7.622555e+00
8.677871e+00 7.659091e+00
8.365166e+00 6.659042e+00
7.155142e+00 7.104702e+00
-1.518254e+01 7.417278e+00
8.021705e+00 6.601309e+00
7.989920e+00 6.317393e+00
8.938010e+00 6.483243e+00
9.103042e+00 6.600082e+00
8.591066e+00 6.334537e+00
1.193899e+00 -9.409139e+00
8.099919e+00 6.883381e+00
9.258512e+00 6.820420e+00
9.001542e+00 7.729311e+00
8.341344e+00 7.395873e+00
-1.793435e+01 5.372364e+00
-1.597747e+01 7.561740e+00
8.215506e+00 7.145578e+00
7.216014e+00 6.581457e+00
7.995369e+00 7.503067e+00
8.721498e+00 5.883456e+00
8.547720e+00 7.608464e+00
2.885463e+00 -1.118008e+01
8.382765e+00 7.165386e+00
-1.662995e+01 5.967868e+00
8.598972e+00 7.272938e+00
7.519108e+00 6.261964e+00
-1.250371e+01 9.301896e+00
-1.470630e+01 8.363345e+00
8.577574e+00 6.471809e+00
8.061273e+00 7.063633e+00
6.632127e+00 6.325696e+00
7.536909e+00 7.197250e+00
7.806675e+00 6.604148e+00
-1.539799e+01 7.955174e+00
5.126218e-01 -8.238658e+00
9.031039e+00 7.081561e+00
7.490580e+00 6.739384e+00
8.245906e+00 7.867481e+00
8.240664e+00 6.986739e+00
7.494909e+00 7.157935e+00
-1.404539e+01 8.779945e+00
8.542451e+00 6.709171e+00
1.877985e+00 -9.470278e+00
8.254761e+00 6.868043e+00
8.180377e+00 8.111212e+00
-1.212633e+01 1.053696e+01
8.525899e+00 5.968731e+00
6.679266e+00 5.601866e+00
7.794720e+00 7.120723e+00
7.310470e+00 6.577656e+00
7.632410e+00 6.697540e+00
-1.338980e+01 9.157351e+00
8.470125e+00 7.566766e+00
8.856283e+00 6.074512e+00
8.749695e+00 6.430332e+00
8.375672e+00 6.688606e+00
8.411660e+00 5.191130e+00
7.647310e+00 5.529287e+00
5.348502e-01 -7.761379e+00
7.046064e+00 7.122302e+00
6.981512e+00 6.174426e+00
8.151178e+00 6.765907e+00
8.034889e+00 6.674467e+00
7.703761e+00 6.864658e+00
-1.593965e-01 -7.781029e+00
-1.270441e+01 9.596352e+00
7.840909e+00 7.125140e+00
7.898341e+00 7.455936e+00
6.496019e-01 -8.794035e+00
7.632356e+00 6.635645e+00
8.580006e+00 7.809669e+00
7.387717e+00 6.695036e+00
9.001713e+00 6.919558e+00
-1.544224e+01 6.825588e+00
7.273614e+00 6.322921e+00
1.361250e+00 -8.798567e+00
8.844533e+00 7.568286e+00
7.678463e+00 6.300575e+00
-1.476604e+01 8.976640e+00
6.514448e+00 5.954095e+00
-1.789647e+00 -6.368416e+00
7.228158e+00 7.314015e+00
6.462117e+00 7.481408e+00
8.227381e+00 7.423975e+00
8.585518e+00 7.373040e+00
7.896342e+00 6.455876e+00
7.968773e+00 8.064091e+00
7.610385e+00 7.768573e+00
5.901139e-01 -8.425614e+00
6.827060e+00 7.749197e+00
7.696863e+00 7.883762e+00
8.560879e+00 7.287031e+00
8.123433e+00 8.093619e+00
7.509305e+00 6.745944e+00
8.631885e+00 5.691263e+00
-1.152672e+01 1.115180e+01
7.437603e+00 6.691759e+00
7.779968e+00 5.923581e+00
-1.382819e+01 9.208774e+00
7.943762e+00 6.615774e+00
8.423036e+00 6.599447e+00
8.000991e+00 6.717999e+00
8.267628e+00 7.068505e+00
8.907677e+00 5.760544e+00
8.528973e+00 7.577020e+00
7.309397e+00 7.981357e+00
8.870524e+00 7.197177e+00
7.660050e+00 6.615690e+00
8.260808e+00 4.767784e+00
8.005794e+00 7.301353e+00
-1.660677e+01 6.059079e+00
7.687402e+00 6.288241e+00
8.460590e+00 7.299442e+00
7.457879e+00 6.575924e+00
1.391652e+00 -9.251727e+00
7.045662e+00 7.365506e+00
8.397931e+00 8.227849e+00
7.608179e+00 6.949228e+00
-1.310010e+01 9.447562e+00
1.091409e+00 -8.604107e+00
8.779800e+00 5.894907e+00
8.101687e+00 8.426101e+00
8.938725e+00 7.504609e+00
7.990470e+00 7.111356e+00
7.548522e+00 8.163385e+00
8.090859e+00 7.562495e+00
8.482238e+00 7.934747e+00
8.004719e+00 7.168667e+00
8.653028e+00 6.931898e+00
8.048309e+00 7.625308e+00
8.763308e+00 5.838661e+00
7.462425e+00 6.868931e+00
9.018662e+00 6.613488e+00
7.202238e+00 5.798740e+00
3.728995e+00 -1.203819e+01
7.263823e+00 6.392258e+00
-1.483902e+01 9.081157e+00
7.437703e+00 6.826835e+00
7.093402e+00 6.121917e+00
8.432689e+00 7.077023e+00
4.923489e-01 -8.138157e+00
8.007043e+00 8.105416e+00
8.513642e+00 7.404913e+00
-1.420721e+01 9.875164e+00
-1.447855e+01 8.937175e+00
8.752256e+00 7.409879e+00
-1.161526e+01 1.125061e+01
7.299530e+00 6.663964e+00
8.840813e+00 6.459522e+00
-1.602202e+00 -6.658629e+00
9.210450e+00 6.344665e+00
8.583571e+00 6.446533e+00
7.376295e+00 6.301272e+00
6.686374e+00 7.674315e+00
8.261596e+00 6.360399e+00
8.622284e+00 7.425637e+00
7.116675e+00 5.634692e+00
9.034149e+00 6.084775e+00
8.279573e+00 6.402157e+00
7.749522e+00 7.202098e+00
7.987586e+00 6.865738e+00
8.635689e+00 7.659735e+00
8.678882e+00 6.792446e+00
9.039948e+00 7.453079e+00
8.176463e+00 7.961380e+00
-1.733096e+01 5.597310e+00
8.327566e+00 6.123670e+00
9.606077e+00 7.612882e+00
7.985555e+00 7.454770e+00
8.739819e+00 6.041279e+00
6.956198e+00 6.513019e+00
8.909401e+00 7.385438e+00
8.123570e+00 6.095200e+00
-1.067315e+00 -7.058276e+00
9.164904e+00 6.722269e+00
6.884930e+00 7.127996e+00
7.519007e+00 7.221139e+00
-1.545440e+01 7.227304e+00
7.728046e+00 6.929131e+00
9.167655e+00 6.491583e+00
7.791186e+00 7.832926e+00
8.006859e+00 6.756764e+00
7.533152e+00 8.012385e+00
7.667764e+00 6.492628e+00
7.316544e+00 7.159874e+00
7.853093e+00 6.867829e+00
8.053729e+00 8.147547e+00
-1.543859e+01 7.418626e+00
7.884949e+00 7.095223e+00
8.597673e+00 7.151676e+00
6.956369e+00 7.251588e+00
7.674537e+00 8.364929e+00
8.073348e+00 6.109042e+00
9.793468e+00 7.218410e+00
-1.043669e-01 -8.485638e+00
8.447872e+00 6.943051e+00
6.966896e+00 7.560508e+00
8.035694e+00 7.456397e+00
-5.792676e-01 -6.782376e+00
8.224495e+00 6.924278e+00
7.618628e+00 7.007311e+00
8.093327e+00 6.388578e+00
7.886404e+00 6.398794e+00
8.247555e+00 7.390707e+00
8.388606e+00 8.183356e+00
7.856698e+00 7.123761e+00
8.041184e+00 7.244009e+00
8.125392e+00 6.623068e+00
8.048281e+00 6.959711e+00
9.349914e+00 7.022320e+00
6.823847e+00 8.331167e+00
2.336023e+00 -1.017447e+01
7.751775e+00 6.741178e+00
-1.548704e+01 7.786905e+00
-1.543050e+01 7.903399e+00
8.275567e+00 7.162939e+00
8.016017e+00 7.750611e+00
7.291665e+00 5.996530e+00
8.588166e+00 7.983537e+00
7.820270e-01 -9.430340e+00
7.660681e+00 7.860679e+00
7.739306e+00 7.286521e+00
7.337049e+00 5.849994e+00
-1.414447e+01 9.705330e+00
8.634570e+00 7.697368e+00
7.929834e+00 7.383555e+00
8.059822e+00 6.824339e+00
5.902428e+00 7.293987e+00
-4.768959e-01 -8.023419e+00
8.823454e+00 6.919531e+00
9.682529e+00 7.155416e+00
-2.992744e-01 -7.931467e+00
8.671322e+00 6.746203e+00
7.479271e+00 7.016794e+00
8.031216e+00 7.583526e+00
-7.682988e-01 -7.929586e+00
7.315080e+00 6.679282e+00
7.889697e+00 7.482156e+00
8.040757e+00 6.269491e+00
8.772716e+00 7.080742e+00
7.641603e+00 7.227882e+00
8.052597e+00 7.670356e+00
1.389051e+00 -8.997398e+00
8.883160e+00 6.668509e+00
7.634911e+00 6.978263e+00
8.974626e+00 6.933812e+00
7.048881e+00 6.762399e+00
8.577179e+00 6.050790e+00
7.713955e+00 8.664184e+00
7.831023e+00 6.994433e+00
7.896172e+00 5.825494e+00
8.562102e+00 7.653659e+00
7.543138e+00 8.688354e+00
7.785265e+00 6.699406e+00
7.645820e+00 6.252594e+00
7.031952e+00 7.613742e+00
1.667879e+00 -9.131447e+00
7.796306e+00 6.134134e+00
8.265557e+00 6.497651e+00
8.538744e+00 5.021004e+00
-1.818885e+01 5.242720e+00
7.951733e+00 7.998064e+00
8.201723e+00 6.543915e+00
8.253991e+00 7.159518e+00
1.290590e+00 -9.436728e+00
-1.476246e+01 8.107995e+00
9.023807e+00 6.438625e+00
8.314137e+00 6.561205e+00
8.920332e+00 7.027417e+00
-1.698018e+01 5.704217e+00
8.090523e+00 7.557308e+00
-1.372164e+01 9.286343e+00
7.372347e+00 6.404113e+00
7.480128e+00 7.079897e+00
8.479446e+00 7.917706e+00
8.470508e+00 7.992688e+00
8.876458e+00 6.772392e+00
-2.091766e+00 -5.989308e+00
7.494072e+00 6.610575e+00
7.764412e+00 7.729939e+00
8.510893e+00 7.045543e+00
7.253938e+00 7.130717e+00
9.104368e+00 6.335221e+00
8.132073e+00 7.543683e+00
6.943884e+00 6.618606e+00
-9.116867e-01 -7.662001e+00
7.317532e+00 6.970502e+00
1.542032e+00 -1.000638e+01
9.431220e+00 6.779355e+00
8.641609e+00 7.917781e+00
8.516373e+00 6.633599e+00
7.135940e+00 7.954630e+00
8.086400e+00 6.820925e+00
9.133489e+00 5.917342e+00
-1.544921e+01 7.434791e+00
7.937049e+00 6.663628e+00
7.872467e+00 7.409687e+00
7.934345e+00 7.153423e+00
8.158584e+00 7.825642e+00
8.314829e+00 7.140061e+00
7.981878e+00 7.177979e+00
8.707383e+00 7.212578e+00
7.871159e+00 6.585135e+00
6.879304e+00 6.040008e+00
-1.599641e+01 6.440960e+00
7.826638e+00 7.161244e+00
7.368639e+00 8.887254e+00
8.238844e+00 7.372137e+00
9.521194e+00 7.896887e+00
7.756325e+00 7.186750e+00
-1.124315e+01 1.142818e+01
6.205246e+00 7.303270e+00
6.943504e+00 6.801706e+00
6.690143e+00 7.911355e+00
8.670289e+00 8.468002e+00
7.895711e+00 6.750999e+00
7.811771e+00 6.432867e+00
-1.185394e+01 1.021147e+01
8.363108e+00 7.821756e+00
7.697678e+00 7.241115e+00
7.620090e+00 7.781082e+00
4.686919e-02 -9.218267e+00
-1.470479e+01 8.270513e+00
-1.463126e+01 8.681526e+00
1.156309e+00 -9.804491e+00
7.779707e+00 7.877630e+00
9.202453e+00 7.133825e+00
8.959245e+00 7.811285e+00
7.784145e+00 7.952448e+00
6.560182e+00 6.476649e+00
7.761249e+00 6.697970e+00
-1.388105e+01 8.463084e+00
7.872916e+00 7.275542e+00
7.646816e+00 7.473390e+00
7.698758e+00 7.414528e+00
7.485041e+00 8.336019e+00
-1.503845e+01 8.194660e+00
7.559481e+00 6.743023e+00
3.448930e-01 -8.585313e+00
8.948010e+00 7.405713e+00
1.036578e+00 -8.540428e+00
8.524804e+00 6.879879e+00
8.951544e+00 7.857998e+00
8.002909e+00 6.497562e+00
8.265014e+00 6.617545e+00
7.794185e+00 7.053843e+00
8.779039e+00 7.976250e+00
7.715741e+00 7.940252e+00
7.909544e+00 8.062981e+00
8.816308e+00 7.764067e+00
8.079052e+00 5.368755e+00
7.701751e+00 5.615074e+00
7.758662e+00 7.292836e+00
7.955345e+00 7.329767e+00
7.549767e+00 7.149765e+00
7.768123e+00 6.239217e+00
-1.346464e+01 1.000738e+01
8.028706e+00 6.804842e+00
-3.448419e+00 -4.385406e+00
7.556333e+00 7.414303e+00
7.244342e+00 7.830854e+00
7.919697e+00 7.450060e+00
7.744424e+00 7.074275e+00
6.609054e+00 6.877068e+00
7.689265e+00 7.425769e+00
7.705114e+00 6.548095e+00
9.352817e+00 7.149587e+00
7.349751e+00 7.329954e+00
-1.333212e+01 8.860263e+00
7.462937e+00 7.122492e+00
1.126881e+00 -8.778875e+00
7.420749e+00 6.500588e+00
6.527548e+00 6.174471e+00
-2.821361e+00 -4.266266e+00
8.615396e+00 6.978705e+00
7.896457e-01 -8.195025e+00
-1.487575e+01 7.588213e+00
8.400554e+00 5.816514e+00
6.972843e+00 7.009303e+00
8.261378e+00 6.289449e+00
7.968439e+00 5.396590e+00
8.731319e+00 6.695420e+00
7.974597e+00 6.331064e+00
8.716183e+00 6.824087e+00
-1.426577e+01 8.336426e+00
8.985697e+00 6.800543e+00
8.471950e+00 7.136173e+00
8.411237e+00 6.723561e+00
7.337102e+00 7.025608e+00
7.227288e+00 6.832643e+00
8.692835e+00 6.602069e+00
-7.118820e-01 -8.268238e+00
8.286072e+00 6.221909e+00
7.228515e+00 6.768527e+00
8.789804e+00 6.749849e+00
8.501841e+00 7.025341e+00
2.547922e+00 -1.102635e+01
-1.486213e+01 8.681515e+00
8.396121e+00 7.842642e+00
8.088746e+00 6.792199e+00
8.273231e+00 7.687828e+00
8.267431e+00 6.440715e+00
7.323720e+00 7.874865e+00
-1.540118e+00 -6.100412e+00
7.415635e+00 7.348694e+00
-1.594382e+01 7.262051e+00
8.053290e+00 7.890669e+00
8.352229e+00 7.509068e+00
-7.349230e-01 -6.866818e+00
6.646889e+00 6.822164e+00
7.707032e+00 7.330046e+00
7.975989e+00 6.275761e+00
8.191366e+00 6.571838e+00
-1.050616e+00 -7.030857e+00
7.560617e+00 5.903769e+00
8.485800e+00 7.518822e+00
7.241629e+00 6.310369e+00
7.234098e+00 6.465632e+00
7.621586e+00 6.929805e+00
8.667948e+00 8.103270e+00
7.801355e+00 8.848921e+00
-1.573447e+00 -6.062719e+00
-8.662123e-02 -7.764069e+00
7.586717e+00 7.684617e+00
8.091828e+00 8.467693e+00
6.819706e+00 6.608100e+00
7.817366e+00 8.262265e+00
8.735766e+00 6.707106e+00
8.572133e+00 7.187471e+00
7.288639e+00 6.796153e+00
9.384787e+00 6.562181e+00
8.251385e+00 7.509498e+00
7.167828e+00 6.234865e+00
9.804223e+00 5.926551e+00
8.521526e+00 7.711945e+00
8.787976e+00 7.528845e+00
-1.544895e+01 6.304252e+00
2.524234e+00 -9.812111e+00
-1.666038e+01 6.638423e+00
8.040136e+00 6.620625e+00
7.470159e+00 6.735872e+00
8.121264e+00 6.597608e+00
6.252281e+00 6.668663e+00
-1.398308e+01 9.630787e+00
8.068588e-01 -1.011956e+01
8.635650e+00 5.974769e+00
8.201017e+00 7.213382e+00
-1.540085e+01 7.877229e+00
7.751298e+00 7.627215e+00
7.731887e+00 6.787792e+00
7.129157e+00 5.399315e+00
8.309077e+00 7.404004e+00
8.347857e+00 6.986204e+00
8.483751e+00 7.060850e+00
2.687443e+00 -1.062825e+01
1.714035e+00 -8.759744e+00
8.257158e+00 7.374531e+00
-1.532391e+01 8.025732e+00
8.556486e+00 6.711521e+00
-1.522701e+01 8.214015e+00
-1.911404e+01 4.188781e+00
8.111034e+00 7.029747e+00
7.780307e+00 7.702912e+00
8.526558e+00 7.304880e+00
9.155689e+00 6.926644e+00
6.910910e+00 7.143160e+00
8.349014e+00 7.539420e+00
9.266737e+00 6.967460e+00
7.306796e+00 6.780009e+00
9.161372e+00 5.400844e+00
7.227311e+00 7.290751e+00
8.137693e+00 7.745738e+00
7.628952e+00 6.464017e+00
7.774158e+00 7.183643e+00
7.327865e+00 5.969791e+00
-1.334492e+01 9.405153e+00
7.132680e+00 5.661908e+00
7.396313e+00 6.544793e+00
7.592169e+00 6.510967e+00
8.728023e+00 5.523857e+00
7.123356e+00 6.672053e+00
7.987489e+00 6.098428e+00
8.108742e+00 5.767862e+00
7.886212e+00 7.020246e+00
7.248730e+00 6.416550e+00
6.785882e+00 6.154204e+00
7.842823e+00 8.700590e+00
6.973449e+00 7.423424e+00
6.905993e+00 6.886975e+00
8.451786e+00 7.045572e+00
7.987529e+00 7.479413e+00
6.753478e+00 7.302529e+00
8.637280e+00 7.233056e+00
8.325174e+00 5.724022e+00
6.787269e+00 6.674530e+00
8.206287e+00 8.135157e+00
8.100868e+00 6.884782e+00
-2.559673e+00 -6.170545e+00
8.538250e+00 6.685647e+00
7.226598e+00 6.907991e+00
9.287645e+00 6.697985e+00
8.078857e+00 7.541084e+00
6.473287e+00 7.569932e+00
7.869341e+00 5.792037e+00
-1.662085e+01 6.833332e+00
7.573891e+00 6.495074e+00
9.286938e+00 6.862195e+00
1.789715e+00 -9.159621e+00
7.806130e-01 -9.017912e+00
8.851343e+00 6.274527e+00
8.539780e+00 7.072191e+00
7.984775e+00 7.097177e+00
7.360022e+00 6.131676e+00
5.128731e+00 -1.258871e+01
8.739658e+00 6.315840e+00
-1.221695e+01 1.075935e+01
-1.423356e+01 9.071363e+00
7.467550e+00 7.394847e+00
7.460430e+00 7.457095e+00
7.697123e+00 6.845371e+00
7.737582e+00 7.623392e+00
7.273647e+00 6.975257e+00
7.569154e+00 7.499776e+00
-1.424540e+01 9.032469e+00
8.029870e+00 7.128540e+00
1.027094e+00 -8.724206e+00
7.045588e+00 6.935425e+00
8.176586e+00 5.991220e+00
4.552429e-01 -8.329172e+00
7.529408e+00 6.067045e+00
8.922888e+00 7.717606e+00
7.609699e+00 6.500993e+00
9.236336e+00 7.034187e+00
8.382030e+00 7.130710e+00
7.622643e+00 8.599249e+00
8.886853e+00 6.282459e+00
8.749589e+00 6.958828e+00
9.430452e+00 7.542271e+00
7.117123e+00 7.263759e+00
8.257643e+00 7.995374e+00
8.251772e+00 7.440486e+00
7.835602e+00 6.342971e+00
8.050033e+00 6.281278e+00
8.153291e+00 6.493973e+00
8.239776e+00 7.157404e+00
7.577982e+00 6.448823e+00
9.515761e+00 6.756645e+00
-1.309754e+01 1.017074e+01
6.474225e+00 7.242775e+00
7.543934e+00 7.186755e+00
7.398461e+00 6.706763e+00
6.283525e+00 7.308546e+00
7.741034e+00 8.175547e+00
8.655788e+00 7.528431e+00
8.440913e+00 6.462422e+00
6.631528e+00 6.067385e+00
-1.636813e+01 6.116779e+00
7.779959e+00 6.137872e+00
8.838481e+00 6.896404e+00
-1.550851e+01 7.581757e+00
7.387586e+00 6.613435e+00
-1.869563e+01 5.538479e+00
8.855899e+00 6.392133e+00
9.492577e+00 6.210284e+00
7.251752e+00 7.024262e+00
8.397059e+00 6.720806e+00
8.019229e+00 6.604744e+00
7.031181e+00 7.117788e+00
8.171555e+00 7.467561e+00
7.814574e+00 6.908859e+00
7.949508e+00 6.080247e+00
7.174770e+00 6.591107e+00
7.534824e+00 6.693961e+00
7.412278e+00 5.987572e+00
-1.278371e+01 9.509848e+00
-1.542069e+00 -6.256192e+00
-1.545257e+01 7.745665e+00
8.386903e+00 7.260335e+00
7.263565e+00 7.989386e+00
-1.415379e+01 8.419263e+00
8.176363e+00 7.391199e+00
-1.282029e+01 9.957005e+00
7.238778e+00 7.623344e+00
1.020612e+00 -8.844871e+00
9.046266e+00 5.819710e+00
-1.026959e+00 -7.006215e+00
7.388068e+00 6.769523e+00
7.955433e+00 6.783177e+00
8.288052e+00 5.067863e+00
1.028809e+00 -9.479199e+00
8.048345e+00 8.140388e+00
-1.559340e+01 7.355250e+00
7.790558e+00 7.070572e+00
8.449973e+00 7.345045e+00
7.236748e+00 5.906882e+00
-3.325524e+00 -4.590367e+00
8.590477e+00 6.646258e+00
8.637503e+00 7.549914e+00
8.223917e+00 7.020293e+00
8.976833e+00 6.714041e+00
8.819104e+00 6.386414e+00
-1.360906e+01 9.646559e+00
6.956952e+00 7.442763e+00
8.722354e+00 6.620433e+00
8.639650e+00 6.127035e+00
-1.369913e+01 8.913814e+00
8.018534e+00 6.660023e+00
8.144204e+00 8.034796e+00
8.397313e+00 7.344736e+00
8.923206e+00 6.235470e+00
8.056949e+00 6.921757e+00
-9.404463e-01 -7.173327e+00
8.024378e+00 6.151733e+00
1.842236e+00 -9.619250e+00
8.154350e+00 6.666326e+00
3.954472e-01 -8.008321e+00
7.844143e+00 8.240539e+00
8.189081e+00 7.703774e+00
7.783112e+00 7.144302e+00
9.397660e+00 6.941280e+00
7.910293e+00 6.481724e+00
7.795422e+00 6.569195e+00
1.445495e-01 -8.265507e+00
7.186917e+00 7.708270e+00
8.476205e+00 7.077858e+00
8.534835e+00 7.214206e+00
-2.649395e-01 -8.155888e+00
-6.306966e-01 -7.127096e+00
9.332291e+00 7.001904e+00
8.207304e+00 7.816487e+00
8.704496e+00 7.227454e+00
-1.479017e+01 7.846237e+00
8.397804e+00 6.040953e+00
9.207664e-01 -9.058894e+00
-1.796141e+01 5.352041e+00
7.053987e+00 6.869809e+00
7.946469e+00 7.461542e+00
7.599848e+00 7.000636e+00
7.115474e+00 7.124531e+00
-5.228166e-01 -6.869224e+00
9.052969e+00 7.190253e+00
8.140963e+00 6.830882e+00
7.659228e+00 6.513976e+00
7.157282e+00 5.689702e+00
8.445738e+00 6.649711e+00
8.369523e+00 6.934963e+00
7.059681e+00 6.296428e+00
7.515162e+00 7.190297e+00
8.555504e+00 6.929085e+00
8.837689e+00 6.558985e+00
7.425050e+00 7.706134e+00
-7.216532e-01 -7.541654e+00
9.114559e+00 7.206650e+00
4.052346e-01 -7.949580e+00
8.152239e+00 5.462712e+00
7.707460e+00 7.081291e+00
8.520980e+00 7.184490e+00
2.664017e+00 -1.090238e+01
7.969407e+00 8.365788e+00
8.230809e+00 6.712262e+00
6.937785e+00 6.329898e+00
6.124383e+00 6.951057e+00
7.631311e+00 7.505593e+00
8.600404e+00 7.334725e+00
7.938101e+00 6.903940e+00
9.555286e+00 7.162545e+00
7.439268e+00 7.004929e+00
7.843074e+00 6.854406e+00
7.378946e+00 7.389402e+00
-1.554561e+01 8.081566e+00
8.465050e+00 7.451036e+00
7.832608e+00 7.257419e+00
6.772888e+00 6.738927e+00
7.106818e+00 6.763381e+00
7.841014e+00 7.080064e+00
8.324665e+00 7.281572e+00
8.441579e+00 6.136438e+00
-1.390668e+01 8.662710e+00
8.124286e+00 5.726010e+00
7.357972e+00 7.239083e+00
9.292895e+00 7.180940e+00
-1.477354e+01 8.032624e+00
7.019474e+00 5.893086e+00
6.206773e+00 5.526987e+00
8.087639e+00 6.352352e+00
7.883941e+00 7.211840e+00
8.980719e+00 6.873902e+00
8.924361e+00 7.315268e+00
6.949863e+00 6.962510e+00
6.866855e+00 7.300555e+00
-1.559242e+01 7.693596e+00
7.652878e+00 6.597666e+00
8.539081e+00 7.768838e+00
7.336224e+00 7.181834e+00
8.252900e+00 7.445118e+00
8.882277e+00 6.421998e+00
7.924533e+00 6.977725e+00
9.867136e+00 7.325938e+00
8.157509e+00 7.011148e+00
-1.364694e+01 9.364863e+00
7.765886e+00 6.775882e+00
8.526621e+00 6.195797e+00
7.128614e+00 6.863518e+00
-1.375691e+01 9.121606e+00
8.945901e+00 5.707606e+00
8.904446e+00 7.240878e+00
7.692644e+00 7.157372e+00
9.671775e+00 7.571666e+00
7.351510e+00 7.746336e+00
7.184624e+00 6.698103e+00
-1.434484e+01 8.446119e+00
8.133129e+00 5.689146e+00
-4.985448e-02 -8.299091e+00
6.754483e+00 7.243514e+00
7.678601e+00 6.341803e+00
7.561560e+00 6.673960e+00
7.601483e+00 8.108605e+00
8.150982e+00 7.836683e+00
7.474029e+00 6.829009e+00
8.790453e+00 6.813618e+00
7.185299e+00 6.614984e+00
-1.263883e+01 1.019330e+01
6.484751e+00 6.882720e+00
8.855723e+00 7.133531e+00
7.959835e+00 7.050845e+00
-7.611173e-01 -6.784246e+00
8.111442e+00 6.874639e+00
7.410913e+00 6.042039e+00
7.247530e+00 6.283169e+00
7.534772e+00 6.804055e+00
7.464454e+00 6.854176e+00
7.922352e+00 7.672291e+00
8.444180e+00 7.056057e+00
7.146445e+00 6.867440e+00
8.111491e+00 7.909254e+00
8.156645e+00 6.482835e+00
7.666550e+00 6.545943e+00
-1.472374e+00 -6.977665e+00
7.783665e+00 7.077248e+00
6.827929e+00 6.868543e+00
8.888713e+00 7.908108e+00
6.869292e+00 7.793608e+00
8.024112e+00 6.477585e+00
8.243759e+00 6.335485e+00
8.019704e+00 5.975495e+00
8.469282e+00 6.707081e+00
7.757430e+00 6.417098e+00
8.153942e+00 6.623436e+00
7.253534e+00 6.533143e+00
-1.255199e+01 9.637971e+00
7.537309e+00 7.956385e+00
-1.335338e+01 8.735939e+00
8.378666e+00 5.824255e+00
8.330289e+00 7.134769e+00
8.232933e+00 6.775150e+00
-6.394258e-01 -7.726290e+00
8.293802e+00 6.910561e+00
-1.412380e+01 8.675195e+00
8.824181e+00 6.618229e+00
8.381289e+00 6.817691e+00
-1.574277e+01 7.642725e+00
9.117691e+00 8.830135e+00
-8.439616e-01 -7.332930e+00
8.521050e+00 7.049158e+00
7.705192e+00 6.596649e+00
6.495059e+00 7.095461e+00
7.357627e+00 8.084983e+00
-3.029593e-01 -7.894260e+00
8.854099e+00 6.784147e+00
8.427125e+00 6.541213e+00
7.798531e+00 7.505676e+00
7.341207e+00 7.417646e+00
8.618970e+00 7.113328e+00
4.449576e-01 -9.307648e+00
7.369797e+00 6.864782e+00
7.910475e+00 6.978423e+00
7.245407e+00 7.167488e+00
8.630358e+00 6.340494e+00
-1.617046e+00 -5.798831e+00
8.549884e+00 8.112872e+00
7.536032e+00 8.135603e+00
8.024844e+00 6.496055e+00
-1.243972e+01 1.151873e+01
-1.608716e+01 6.847381e+00
-1.816509e+00 -6.455848e+00
-5.281089e-02 -8.903316e+00
7.814681e+00 6.678287e+00
-2.829378e-01 -8.441586e+00
7.139189e+00 6.518103e+00
8.333284e+00 7.842109e+00
7.709802e+00 6.777873e+00
8.482235e+00 8.241210e+00
7.563334e+00 5.782703e+00
-1.663757e+01 6.603175e+00
9.228752e+00 6.739661e+00
8.339403e+00 7.293295e+00
-1.092185e+01 1.196967e+01
6.637906e+00 7.255308e+00
1.094830e+00 -9.746344e+00
7.446006e+00 7.747294e+00
7.008517e+00 7.106869e+00
8.400599e+00 6.499320e+00
8.770469e+00 6.274100e+00
8.947372e+00 6.907259e+00
9.321411e+00 7.561286e+00
7.436259e+00 7.945594e+00
6.662390e+00 6.564860e+00
8.461271e+00 6.556022e+00
7.194398e+00 7.826550e+00
9.288888e+00 6.720747e+00
7.437795e+00 7.059694e+00
7.459257e+00 6.709777e+00
7.810606e+00 7.296204e+00
7.899065e+00 7.359674e+00
8.996504e+00 6.542863e+00
7.780186e+00 6.191590e+00
-2.443305e+00 -4.760165e+00
7.088961e+00 6.549399e+00
7.649213e+00 6.028764e+00
-1.515042e+01 8.202728e+00
8.022352e+00 6.686210e+00
9.027307e+00 6.463738e+00
9.046607e+00 7.088544e+00
9.234320e+00 6.706493e+00
6.761048e+00 6.732187e+00
7.272708e+00 8.255314e+00
9.403813e+00 7.388862e+00
6.541161e+00 8.014995e+00
7.143187e+00 6.744472e+00
8.030521e+00 7.160078e+00
8.094857e+00 7.018664e+00
8.113342e+00 6.215160e+00
6.757481e+00 7.537328e+00
9.199774e+00 6.235199e+00
-2.994568e+00 -4.468453e+00
2.152783e+00 -9.966154e+00
8.439480e+00 8.028182e+00
7.522157e+00 6.301707e+00
-1.543588e+01 7.647260e+00
8.788796e+00 7.013697e+00
7.373460e+00 7.854921e+00
4.036382e+00 -1.180748e+01
8.188241e+00 6.567518e+00
8.456136e+00 6.932476e+00
8.194671e+00 6.940897e+00
7.969265e+00 6.608275e+00
7.997054e+00 7.505296e+00
8.526157e+00 7.183165e+00
8.941644e+00 7.963799e+00
9.505841e+00 5.245613e+00
8.300890e+00 5.916010e+00
7.989017e+00 6.444138e+00
-1.619404e+01 6.538082e+00
-1.661913e+00 -6.211757e+00
-2.289377e-01 -6.587273e+00
8.017359e+00 6.782739e+00
-2.563676e+00 -5.201379e+00
9.447229e+00 7.137033e+00
8.130086e+00 6.892159e+00
-1.485102e+01 7.822893e+00
9.356517e+00 6.763042e+00
7.444011e+00 6.981767e+00
8.890441e+00 6.435307e+00
8.692414e+00 6.539580e+00
7.123765e+00 6.856404e+00
-1.736698e+01 5.290357e+00
7.681157e+00 7.629141e+00
7.899552e+00 7.341688e+00
7.329721e+00 7.033579e+00
9.089785e+00 6.343320e+00
8.025014e+00 7.531008e+00
7.830676e+00 6.426802e+00
7.699031e+00 6.295248e+00
-4.351390e-01 -7.457445e+00
8.820785e+00 8.313945e+00
7.962809e+00 6.180809e+00
7.445419e+00 4.575409e+00
7.783844e+00 7.233835e+00
7.027069e+00 7.513998e+00
7.669652e+00 7.353263e+00
8.329042e+00 7.254475e+00
7.442528e+00 7.329045e+00
7.652176e+00 6.386674e+00
-1.485147e+01 8.417140e+00
8.245357e+00 5.711711e+00
7.057003e+00 6.704333e+00
8.142551e+00 8.349958e+00
8.501659e+00 7.202891e+00
7.794243e+00 6.059035e+00
6.490504e+00 6.538525e+00
8.310635e+00 6.838032e+00
8.287317e+00 6.465804e+00
8.138962e+00 6.893978e+00
9.173840e+00 7.000075e+00
8.730611e+00 7.915420e+00
8.471198e+00 6.623164e+00
-1.512797e+01 8.018466e+00
7.944568e+00 6.113928e+00
7.650489e+00 7.377216e+00
8.898014e+00 7.576139e+00
7.463704e+00 6.549921e+00
7.821368e+00 6.830684e+00
8.171276e+00 8.117281e+00
-2.472527e+00 -5.821346e+00
8.886665e-01 -9.322724e+00
6.931426e+00 6.187178e+00
6.662418e+00 8.264695e+00
6.713637e+00 6.300826e+00
8.230515e+00 7.624627e+00
7.167503e+00 6.896219e+00
-1.552544e+01 7.639120e+00
-1.574001e+01 7.582236e+00
8.087166e+00 7.839407e+00
7.627723e+00 7.420437e+00
1.084421e+01 6.267980e+00
8.987722e+00 7.560838e+00
8.481201e+00 6.941194e+00
7.699384e+00 7.117001e+00
6.821713e+00 6.895587e+00
7.950662e+00 6.449635e+00
7.884682e+00 6.565107e+00
7.842179e+00 5.599308e+00
8.066205e+00 7.483228e+00
-1.490548e+01 8.004240e+00
6.946618e+00 6.185229e+00
-1.450510e+01 8.294232e+00
8.419670e+00 5.993295e+00
8.517657e+00 7.111705e+00
5.194149e-01 -8.383605e+00
7.414550e+00 7.035889e+00
6.867144e+00 7.150489e+00
8.225525e+00 7.522911e+00
8.644311e+00 7.215309e+00
7.999955e+00 7.406220e+00
9.225796e+00 6.533633e+00
-1.587900e+00 -6.350909e+00
8.342349e+00 6.994716e+00
8.187462e+00 6.424460e+00
9.187872e+00 6.971694e+00
7.300113e+00 6.860283e+00
6.864134e+00 6.727612e+00
6.764038e+00 6.730733e+00
6.644016e+00 7.221921e+00
7.911750e+00 6.685444e+00
7.871385e+00 6.757094e+00
8.074818e+00 7.426137e+00
-1.721570e+01 5.448664e+00
9.121162e+00 8.091661e+00
7.813116e+00 8.020910e+00
-1.487115e+01 7.872110e+00
-1.273274e+01 1.051184e+01
8.560634e+00 7.448799e+00
7.858207e+00 7.038370e+00
8.535948e+00 6.957614e+00
-2.909266e+00 -5.687365e+00
7.970888e+00 7.297025e+00
7.534588e+00 6.006192e+00
7.925115e+00 6.909511e+00
2.781999e+00 -1.070533e+01
7.707825e+00 6.205104e+00
7.937205e+00 6.342843e+00
7.417917e+00 7.120069e+00
8.772483e+00 6.597854e+00
7.785330e+00 7.098798e+00
5.947283e+00 6.147243e+00
8.501851e+00 8.070587e+00
-1.289903e+01 1.041710e+01
8.190569e+00 6.446892e+00
8.439674e+00 7.229683e+00
6.654330e+00 9.404640e+00
8.315804e+00 6.888889e+00
-2.344172e+00 -5.563432e+00
8.041106e+00 7.096542e+00
8.005849e+00 7.693936e+00
7.190791e+00 6.611701e+00
8.200402e+00 6.553884e+00
7.527569e+00 6.565667e+00
7.373140e+00 7.302759e+00
-1.458577e+01 8.251448e+00
8.420960e+00 7.435325e+00
7.498356e+00 6.358441e+00
7.743317e+00 7.002756e+00
7.051748e+00 6.884706e+00
-1.238915e+00 -6.321974e+00
8.527689e+00 7.438430e+00
8.418745e+00 7.328185e+00
-1.169295e+01 1.134806e+01
8.275752e+00 7.549361e+00
9.326628e+00 6.794596e+00
7.874269e+00 8.168076e+00
8.345180e+00 7.884370e+00
9.204674e+00 8.107194e+00
7.483697e+00 7.278671e+00
7.758857e+00 7.293156e+00
1.674635e+00 -1.013993e+01
8.385684e+00 7.287885e+00
7.211506e+00 6.811257e+00
-8.256351e-01 -7.150377e+00
7.177162e+00 6.691834e+00
6.658054e+00 6.600706e+00
-1.957567e+00 -5.598360e+00
-1.326944e+01 9.438968e+00
6.811104e+00 6.438437e+00
8.913648e+00 7.241917e+00
8.509904e+00 7.439712e+00
7.552447e+00 6.414193e+00
-1.375439e+00 -7.184230e+00
9.506065e+00 7.883937e+00
8.458269e+00 7.412673e+00
8.172947e+00 6.744466e+00
7.662083e+00 6.968313e+00
8.260399e+00 6.253732e+00
8.091142e+00 6.110085e+00
-1.675990e+01 6.696260e+00
7.932301e+00 6.938374e+00
7.944812e+00 7.036070e+00
7.736917e+00 6.616517e+00
7.556543e+00 8.949252e+00
8.541712e+00 7.183759e+00
7.848143e+00 8.613799e+00
7.817217e+00 6.424249e+00
8.735382e+00 7.311715e+00
7.985194e+00 6.720686e+00
8.063245e+00 7.204894e+00
8.778299e+00 6.490213e+00
1.190526e+00 -9.877271e+00
1.245530e+00 -9.699567e+00
-1.326194e+01 9.438607e+00
7.000424e+00 5.906676e+00
8.207832e+00 7.218406e+00
7.682325e+00 7.955805e+00
-3.261006e+00 -4.829998e+00
7.184361e+00 6.486894e+00
8.912641e+00 8.188256e+00
7.066965e+00 7.383293e+00
8.544938e+00 7.578767e+00
-1.667603e+01 6.386628e+00
8.730630e+00 6.780113e+00
7.933161e+00 6.166281e+00
7.371850e+00 6.030621e+00
8.296884e+00 8.501836e+00
8.264865e+00 6.366620e+00
7.347976e+00 7.882464e+00
8.387298e+00 7.480507e+00
9.136377e+00 7.797573e+00
8.469791e+00 7.107538e+00
7.695888e+00 6.241448e+00
8.678879e+00 6.351088e+00
8.568078e+00 8.163045e+00
8.606956e+00 7.338073e+00
-1.211858e+01 1.102477e+01
7.162358e+00 6.851309e+00
8.003016e+00 6.924077e+00
7.569349e+00 7.502463e+00
7.767360e+00 6.950341e+00
-1.499237e+01 8.099028e+00
8.264936e+00 6.786081e+00
8.958635e+00 7.401315e+00
-6.747078e-01 -7.202240e+00
7.200727e+00 6.463911e+00
7.461262e+00 6.683287e+00
7.575052e+00 6.615960e+00
-1.732883e+01 5.563230e+00
8.178385e+00 6.611795e+00
-2.995250e+00 -4.544393e+00
8.024557e+00 6.960325e+00
-1.128563e+00 -6.891754e+00
7.645654e+00 7.131093e+00
-5.349297e-01 -8.203667e+00
8.478647e+00 6.769655e+00
-7.361809e-01 -7.223697e+00
7.471522e+00 7.138834e+00
7.215892e+00 6.457185e+00
-1.540695e+01 7.412860e+00
7.243081e+00 7.851308e+00
7.474333e+00 7.855456e+00
7.866571e+00 5.405970e+00
7.148464e+00 6.809256e+00
7.382998e+00 7.218993e+00
8.334480e+00 7.670373e+00
7.014626e+00 7.633797e+00
7.429768e+00 6.957137e+00
8.188198e+00 6.915505e+00
8.163537e+00 7.855837e+00
6.694440e+00 6.214698e+00
7.742881e+00 7.365858e+00
-1.380583e+01 9.046527e+00
7.845861e+00 7.299023e+00
-1.398911e+00 -6.768141e+00
9.349285e+00 6.262443e+00
9.039852e+00 6.756472e+00
-1.281771e+01 9.704004e+00
8.156746e+00 7.948720e+00
-1.472403e+01 8.323143e+00
8.097737e+00 8.592944e+00
7.225427e+00 6.183206e+00
8.012517e+00 7.738307e+00
7.778481e+00 6.554190e+00
7.628993e+00 7.267367e+00
8.746546e+00 6.517780e+00
8.194418e+00 7.262358e+00
9.012222e+00 6.300331e+00
7.310826e+00 6.512828e+00
7.989606e+00 6.730935e+00
1.951820e+00 -9.777168e+00
-2.942881e+00 -5.546234e+00
8.038916e+00 7.218604e+00
-1.541718e+01 8.014537e+00
8.397153e+00 8.610605e+00
8.819613e+00 7.839329e+00
7.886534e+00 6.487131e+00
9.035882e+00 7.378378e+00
8.049731e+00 7.545058e+00
8.565210e+00 6.757394e+00
8.407648e+00 6.559299e+00
8.116479e+00 7.638414e+00
5.252594e-02 -8.553834e+00
7.829565e+00 7.357118e+00
6.537361e+00 7.268750e+00
6.815518e+00 7.435149e+00
-1.190969e+00 -6.553402e+00
8.776775e+00 7.067173e+00
-6.582450e-01 -7.208721e+00
7.900692e+00 7.124161e+00
8.914668e+00 6.245281e+00
8.527853e+00 6.598667e+00
8.641574e+00 6.413780e+00
8.327448e+00 6.915759e+00
9.131570e+00 6.663752e+00
8.108552e+00 7.742072e+00
9.902349e+00 7.459187e+00
-1.593460e+01 6.481100e+00
8.704485e+00 5.782465e+00
9.094851e+00 8.552862e+00
7.505146e+00 6.527600e+00
7.491860e+00 6.963399e+00
8.197316e+00 6.503314e+00
6.974390e+00 5.529443e+00
-1.911920e+01 3.231804e+00
7.378656e+00 6.473279e+00
-2.855149e+00 -4.848440e+00
7.654579e+00 5.391864e+00
7.543671e+00 7.462747e+00
7.441252e+00 6.295418e+00
8.359131e+00 7.087683e+00
7.703359e+00 6.257527e+00
8.141051e+00 4.915296e+00
7.722318e+00 8.134938e+00
7.425434e+00 7.650408e+00
7.903420e+00 7.349220e+00
7.643594e+00 6.987771e+00
8.119398e+00 7.566865e+00
8.704743e+00 6.784909e+00
-1.539472e+01 7.377432e+00
8.359481e+00 7.007054e+00
8.800453e+00 8.024496e+00
8.969381e+00 7.092222e+00
8.485953e+00 7.842246e+00
8.325331e+00 7.382391e+00
-7.140054e-01 -7.222926e+00
8.419355e+00 7.540695e+00
8.469285e+00 7.808548e+00
7.377525e+00 5.881639e+00
7.318388e+00 7.517550e+00
8.285246e+00 7.330817e+00
7.672478e+00 7.034194e+00
7.512052e+00 7.934984e+00
7.474547e+00 8.184822e+00
8.057244e+00 5.633192e+00
7.540310e+00 7.282126e+00
9.009300e+00 7.189318e+00
8.265720e+00 7.548851e+00
8.422054e+00 7.877224e+00
7.537202e+00 7.457134e+00
-1.765480e+00 -5.531784e+00
8.081434e+00 7.249100e+00
6.994524e+00 7.541315e+00
7.922151e+00 7.222289e+00
8.179380e+00 5.789384e+00
8.180133e+00 7.473081e+00
7.501627e+00 6.497091e+00
7.566404e+00 7.106142e+00
7.710168e+00 6.512791e+00
7.785539e+00 7.577680e+00
7.854802e+00 6.277836e+00
7.615617e+00 6.145774e+00
7.345776e+00 7.886693e+00
-1.666517e+01 6.536043e+00
8.253369e+00 8.115308e+00
-1.356614e+01 9.235872e+00
7.985777e+00 5.793155e+00
7.623303e+00 6.462381e+00
9.059015e+00 6.204293e+00
7.442254e+00 6.832093e+00
8.177303e+00 7.138581e+00
7.373092e-01 -7.660870e+00
7.869985e+00 7.268025e+00
-1.613645e+01 6.199178e+00
3.269450e-01 -9.370917e+00
8.574863e+00 6.880385e+00
7.523300e+00 6.980071e+00
7.798931e+00 7.725660e+00
7.204751e+00 7.343314e+00
8.142606e+00 7.767531e+00
7.989088e+00 6.884988e+00
7.189388e+00 6.030060e+00
-1.439494e+01 8.362338e+00
7.947024e+00 7.711334e+00
8.604119e+00 7.195170e+00
7.491625e+00 7.694286e+00
7.762214e+00 7.334622e+00
8.485190e+00 7.036648e+00
8.925763e+00 6.711201e+00
7.997676e+00 6.593604e+00
7.426883e+00 6.323281e+00
8.206890e+00 6.565076e+00
8.018251e+00 6.431854e+00
-1.851940e+01 4.028477e+00
-1.480231e+01 8.244152e+00
4.583510e-01 -7.923657e+00
6.955876e+00 7.395876e+00
6.744003e+00 7.517664e+00
-9.788584e-01 -6.925104e+00
8.313129e+00 8.276998e+00
8.849692e+00 7.809226e+00
7.662236e+00 7.402083e+00
7.195163e+00 6.671904e+00
8.692233e+00 7.151655e+00
8.329120e+00 6.729085e+00
8.362647e+00 7.030543e+00
8.964749e+00 5.816208e+00
-1.179232e+00 -6.229298e+00
-1.497415e+01 8.510934e+00
8.273051e+00 8.334651e+00
-1.850864e+01 4.387571e+00
7.371744e+00 7.921221e+00
7.415846e+00 6.674584e+00
7.629453e+00 6.580321e+00
6.666213e+00 6.514850e+00
9.332929e+00 7.035312e+00
6.845309e+00 5.535823e+00
7.510461e+00 6.139533e+00
6.783832e+00 7.088112e+00
7.209341e+00 5.742942e+00
6.617792e+00 7.545088e+00
7.891544e+00 7.081391e+00
7.081759e+00 8.072335e+00
8.848520e+00 7.554386e+00
9.751909e+00 6.864397e+00
6.828108e+00 7.849283e+00
1.011062e+01 6.336050e+00
7.158466e+00 6.684929e+00
2.878686e-01 -8.135585e+00
-1.494926e+01 7.691284e+00
8.257266e+00 7.267371e+00
8.065394e+00 6.546185e+00
8.523118e+00 6.167183e+00
7.393453e+00 8.463426e+00
8.543283e+00 7.520430e+00
7.493826e+00 6.379809e+00
7.687047e+00 6.931856e+00
8.523262e+00 5.947751e+00
8.437340e+00 6.460735e+00
9.213763e+00 8.326305e+00
8.757246e+00 8.120370e+00
2.547375e+00 -1.106827e+01
7.475815e+00 5.541568e+00
7.438474e+00 6.850293e+00
-2.060024e+00 -5.999351e+00
7.215882e+00 7.303161e+00
-1.584301e+01 7.441686e+00
1.481435e+00 -8.358533e+00
6.656519e+00 7.271357e+00
8.459146e+00 6.616058e+00
8.593718e+00 7.501413e+00
-1.565550e+01 7.798849e+00
7.882013e+00 7.183083e+00
7.240691e+00 6.906140e+00
7.349450e+00 7.693439e+00
8.388711e+00 7.751694e+00
6.641954e+00 6.262416e+00
8.592580e+00 6.112060e+00
7.970804e+00 6.650797e+00
7.301334e+00 6.848769e+00
8.717977e+00 6.757391e+00
-3.001080e-01 -7.122439e+00
8.867620e+00 7.811145e+00
8.167681e+00 7.837152e+00
8.058812e+00 7.762786e+00
8.108154e+00 7.228869e+00
2.810515e+00 -1.065778e+01
6.812900e+00 6.088425e+00
-1.619915e+01 6.270857e+00
8.370351e+00 6.597236e+00
8.387230e+00 8.782465e+00
7.424647e+00 6.794230e+00
7.925028e+00 6.855588e+00
-1.555041e+01 7.175820e+00
6.856124e+00 7.005476e+00
7.632145e+00 7.857856e+00
-2.205135e-01 -8.744799e+00
7.990008e+00 5.809228e+00
8.327368e+00 5.419380e+00
8.217519e+00 6.803034e+00
8.449023e+00 7.582383e+00
-1.538237e+01 7.573461e+00
6.872130e+00 8.062469e+00
7.689487e+00 7.684398e+00
-1.614857e+01 5.912244e+00
-1.162876e+01 1.194848e+01
7.887516e+00 7.328892e+00
8.540111e+00 7.466462e+00
-2.270454e-01 -7.819688e+00
6.714692e+00 7.149434e+00
-1.600323e+00 -6.278776e+00
6.549217e+00 8.345027e+00
8.797215e+00 6.556890e+00
8.012413e+00 6.591885e+00
8.555739e+00 6.491146e+00
5.880264e+00 7.594427e+00
8.076828e+00 6.187038e+00
8.119018e+00 7.294385e+00
-5.545460e-01 -6.790728e+00
8.744621e+00 7.823115e+00
7.743262e+00 7.787664e+00
7.039194e+00 6.597495e+00
8.772635e+00 5.801642e+00
-1.698214e+01 6.212470e+00
8.640100e+00 7.331798e+00
7.878932e+00 7.340324e+00
8.325912e+00 7.164391e+00
8.262782e+00 6.804009e+00
-3.621002e+00 -5.054922e+00
7.587144e+00 7.544644e+00
8.115977e+00 7.014195e+00
7.626392e+00 7.993169e+00
8.023236e+00 7.230815e+00
6.903834e+00 6.377213e+00
8.661650e+00 7.540846e+00
-1.577472e+01 7.326011e+00
-1.716936e+01 5.846912e+00
7.407857e+00 6.832165e+00
-1.331143e+01 8.878776e+00
7.870097e-01 -8.868945e+00
7.670542e+00 6.166371e+00
7.311198e+00 5.462070e+00
8.177789e+00 7.032147e+00
-1.216034e+01 1.084256e+01
6.922441e+00 6.813706e+00
8.686257e+00 7.932890e+00
8.624012e+00 6.407027e+00
8.187630e+00 6.257790e+00
1.477284e+00 -9.409346e+00
8.707197e+00 6.693139e+00
-1.394145e+01 9.178627e+00
7.910391e-01 -8.425074e+00
7.701570e+00 7.889205e+00
8.396054e+00 6.150195e+00
-1.448025e+01 7.819538e+00
7.674620e+00 6.710128e+00
7.946486e+00 7.234072e+00
9.189233e+00 8.637199e+00
5.864592e-01 -8.398554e+00
7.773797e+00 6.661164e+00
9.222905e+00 7.567035e+00
6.412288e+00 7.576374e+00
-1.510970e+01 7.821143e+00
8.561530e+00 6.836184e+00
8.818231e+00 8.650883e+00
-1.197549e+00 -7.094355e+00
7.512836e+00 8.337561e+00
3.204360e+00 -1.057081e+01
-1.382271e+01 9.105553e+00
8.919476e+00 6.293718e+00
-1.513069e+01 7.792310e+00
6.912549e+00 7.240683e+00
8.464814e+00 6.561375e+00
7.149480e+00 6.803278e+00
-3.025827e+00 -5.142741e+00
-1.664793e+01 7.168852e+00
8.064829e+00 6.326985e+00
8.736586e+00 8.552579e+00
6.954202e+00 6.934042e+00
9.055857e+00 6.544757e+00
6.026747e+00 5.760222e+00
7.265134e+00 7.171084e+00
9.108362e+00 7.500426e+00
8.205448e+00 7.676319e+00
7.807323e+00 8.453771e+00
7.487225e+00 7.167238e+00
7.099634e+00 7.097783e+00
8.141947e+00 6.996136e+00
7.775988e+00 6.518901e+00
9.134037e+00 7.370036e+00
7.669155e+00 6.878345e+00
7.157981e+00 6.630681e+00
-5.716370e-01 -6.933673e+00
8.307817e+00 6.933559e+00
7.632830e+00 5.046782e+00
9.796365e+00 8.168077e+00
-1.056715e-01 -7.955092e+00
3.738705e+00 -1.128044e+01
7.963370e+00 6.412486e+00
8.278425e+00 6.590848e+00
8.093658e+00 7.827697e+00
-1.442269e+01 8.124360e+00
6.924462e+00 7.662485e+00
7.886786e+00 7.252806e+00
8.143071e+00 6.579642e+00
8.535510e+00 6.951540e+00
9.934565e+00 6.982808e+00
7.946505e+00 5.748898e+00
7.339181e+00 7.617846e+00
8.120996e+00 7.489447e+00
8.110624e+00 7.866750e+00
7.566200e+00 7.679711e+00
-3.038241e-01 -7.634414e+00
8.609616e+00 7.034355e+00
8.604794e+00 6.078486e+00
8.544904e+00 6.741702e+00
8.291491e+00 6.709467e+00
1.389033e+00 -8.714399e+00
-2.197810e+00 -5.679459e+00
7.320561e+00 6.146462e+00
8.065247e+00 7.241988e+00
7.206322e+00 6.797042e+00
8.057129e+00 7.629961e+00
6.847918e+00 6.036214e+00
8.604527e+00 6.163424e+00
8.124581e+00 6.259921e+00
8.886338e+00 6.147054e+00
7.730192e+00 7.918146e+00
6.905860e+00 7.542056e+00
8.848361e+00 6.861797e+00
9.477009e+00 6.714585e+00
8.164445e+00 6.574215e+00
7.694063e+00 5.972890e+00
8.039138e+00 8.204572e+00
7.157589e+00 5.818029e+00
8.145194e+00 7.399351e+00
7.726758e+00 7.801946e+00
8.263040e+00 6.997282e+00
8.214514e+00 6.516468e+00
9.577919e+00 6.563079e+00
8.287384e+00 6.440246e+00
8.759835e+00 7.628370e+00
8.647205e+00 5.478924e+00
8.174361e+00 7.073504e+00
-2.853334e+00 -6.046011e+00
7.824178e+00 6.503190e+00
6.952372e+00 8.834834e+00
8.914522e+00 7.122278e+00
6.694088e+00 6.466644e+00
7.763972e+00 6.999175e+00
7.451744e+00 7.188441e+00
7.985093e+00 6.666878e+00
8.874439e+00 5.933314e+00
8.219917e+00 7.171529e+00
7.781257e+00 6.976703e+00
8.644145e+00 8.459832e+00
8.543002e+00 8.049807e+00
8.961687e+00 6.363149e+00
7.668546e+00 7.131828e+00
7.050907e+00 7.916810e+00
7.269354e+00 7.314112e+00
1.570519e+00 -9.615287e+00
8.304095e+00 6.680299e+00
8.748501e+00 5.966590e+00
-1.320930e+01 9.733662e+00
-1.712321e+01 6.162411e+00
8.385828e+00 6.887828e+00
6.723337e+00 7.132479e+00
-1.498126e+00 -6.880834e+00
8.731527e+00 7.059046e+00
7.818687e+00 6.321084e+00
7.511794e+00 6.030626e+00
2.748593e-01 -7.906987e+00
8.414731e+00 6.979394e+00
9.301011e+00 7.271561e+00
9.727980e+00 6.548992e+00
1.761087e+00 -9.985494e+00
7.052549e+00 7.163556e+00
6.433065e+00 6.472226e+00
8.754163e+00 6.155044e+00
7.832305e+00 5.803280e+00
7.349457e-01 -9.120451e+00
7.465914e+00 6.976815e+00
8.609093e+00 6.295571e+00
7.942074e+00 7.548716e+00
8.506460e+00 6.787091e+00
7.762891e+00 7.198131e+00
7.850850e+00 6.806674e+00
8.732828e+00 7.335006e+00
7.407110e+00 5.440013e+00
-1.336596e+00 -6.485984e+00
8.711583e+00 5.611286e+00
8.440670e+00 6.576216e+00
7.396580e+00 6.273944e+00
6.919617e+00 5.766705e+00
7.564870e+00 6.596797e+00
7.512208e+00 7.490694e+00
8.752452e+00 7.089214e+00
-1.445156e+00 -6.837729e+00
8.009315e+00 7.079885e+00
-1.529672e+01 7.852973e+00
7.699860e+00 6.642431e+00
7.647568e+00 6.971503e+00
8.195032e+00 6.837929e+00
7.708091e+00 7.092225e+00
8.303055e+00 7.618918e+00
8.500209e+00 6.972770e+00
8.344180e+00 8.096821e+00
9.271865e+00 6.583605e+00
7.241417e+00 7.340766e+00
8.017908e+00 7.041114e+00
8.858237e+00 7.549838e+00
9.327155e+00 7.025942e+00
7.846154e+00 7.758254e+00
-1.623473e+01 7.915884e+00
8.149516e+00 8.224209e+00
1.227947e+00 -9.228026e+00
8.055179e+00 7.228277e+00
7.835707e+00 7.786155e+00
7.030352e+00 6.764811e+00
-1.387642e+01 9.715722e+00
7.797686e+00 6.782903e+00
9.004965e+00 7.350027e+00
8.288813e-01 -9.744928e+00
8.761923e+00 6.275584e+00
6.869205e+00 8.073239e+00
9.304030e+00 7.331783e+00
8.046916e+00 6.691857e+00
7.156774e+00 7.296189e+00
-1.343257e+01 9.486586e+00
8.066709e+00 5.809188e+00
7.406302e+00 7.023883e+00
8.344563e+00 6.603285e+00
8.585865e+00 6.584368e+00
7.056685e+00 5.873228e+00
-1.590548e+01 7.038440e+00
7.440313e+00 7.979910e+00
7.972883e+00 6.801063e+00
8.180660e+00 7.450989e+00
7.185560e+00 6.551789e+00
6.915773e+00 5.992370e+00
8.017492e+00 7.764657e+00
7.123781e+00 8.515923e+00
3.886640e-01 -8.617970e+00
8.430580e+00 7.981550e+00
4.214563e-01 -9.340136e+00
7.360223e+00 7.867293e+00
-1.165002e+01 1.097236e+01
-1.748709e+01 5.789263e+00
7.225160e+00 6.326579e+00
8.034298e+00 7.249932e+00
8.818272e+00 7.743273e+00
6.505802e+00 6.243435e+00
8.182078e+00 6.250046e+00
7.233854e+00 7.478799e+00
-1.654137e+01 6.030060e+00
9.275057e+00 7.703909e+00
6.920256e+00 7.284507e+00
7.136604e+00 6.374863e+00
7.750418e+00 6.206294e+00
8.006388e+00 6.784498e+00
7.563027e+00 5.881967e+00
7.221038e+00 6.295123e+00
8.616995e+00 7.527960e+00
-2.510068e-01 -6.998223e+00
6.917767e+00 6.393467e+00
8.440058e+00 7.638668e+00
7.677769e+00 6.620303e+00
7.124928e+00 6.513138e+00
7.708706e+00 7.615956e+00
7.383920e+00 7.784718e+00
7.726440e+00 6.853688e+00
7.313142e+00 7.538350e+00
8.842654e+00 6.019364e+00
6.100283e+00 6.442119e+00
7.762571e+00 7.943483e+00
8.556206e+00 6.434033e+00
-1.476218e+01 8.016982e+00
-1.506526e+01 8.156689e+00
7.998194e+00 7.493166e+00
7.715384e+00 7.213115e+00
7.511281e+00 5.954101e+00
7.524994e+00 6.105140e+00
8.160923e+00 7.458317e+00
8.181704e+00 6.436282e+00
9.178352e+00 7.838489e+00
6.933085e+00 6.914648e+00
9.161707e+00 6.947752e+00
8.286958e+00 7.095641e+00
8.364537e+00 7.102944e+00
9.124404e+00 6.964875e+00
-1.425354e+00 -6.904407e+00
9.888996e-01 -9.037071e+00
8.285664e+00 6.773061e+00
9.458668e+00 7.358694e+00
8.354959e+00 7.917444e+00
-4.226740e-01 -7.900330e+00
7.705601e+00 7.483589e+00
7.211969e+00 7.441676e+00
8.263838e+00 6.468180e+00
8.723266e+00 7.933461e+00
8.532683e+00 6.137298e+00
-5.185487e-01 -7.927017e+00
7.923774e+00 6.234297e+00
-1.855514e+01 4.606460e+00
8.801675e+00 7.071809e+00
8.465940e+00 6.630757e+00
-1.457896e+01 8.397855e+00
8.763917e+00 7.158388e+00
3.028662e+00 -1.134646e+01
7.467240e+00 8.291635e+00
8.172394e+00 6.909451e+00
8.243662e+00 7.820628e+00